Customer_ID,Customer_Name,Last_Name,Postal_Code,City,Country,Score,first_3,mid,,trim,substitute,find index of sub,length,concat,
1,BILL,Van Buren,78000,Versailles,France,76,BIL,an B,BILL,BILL,BILL,1,4,BILL Van Buren,YES
2,GERAID,Jackson,60528,Frankfurt a.M.,Germany,74,GER,acks,GERAID,GERAID,GERAID,not found,6,GERAID Jackson,SORRY
3,HARRY,Nixon,75016,Paris,France,3,HAR,ixon,HARRY,HARRY,HARRY,not found,5,HARRY Nixon,YES
4,DWIGHT,Coolidge,97219,Portland,USA,25,DWI,ooli,DWIGHT,DWIGHT,DWIGHT,not found,6,DWIGHT Coolidge,SORRY
5,    RUTHERFORD,Roosevelt,4179,Leipzig,Germany,87,   ,oose,   RUTHERFORD,RUTHERFORD,RUTHERFORD,not found,14,    RUTHERFORD Roosevelt,SORRY
6,GROVER,Grant,80805,München,Germany,65,GRO,rant,GROVER,GROVER,GROVER,not found,6,GROVER Grant,SORRY
7,GROVER,Roosevelt,98128,Seattle,USA,24,GRO,oose,GROVER,GROVER,GROVER,not found,6,GROVER Roosevelt,SORRY
8,BILL,Roosevelt,82520,Lander,USA,27,BIL,oose,BILL,BILL,BILL,1,4,BILL Roosevelt,YES
9,C ALVIN,McKinley,97201,Portland,USA,54,C A,cKin,C ALVIN,C ALVIN,CALVIN,not found,7,C ALVIN McKinley,SORRY
10,DWIGHT,Jefferson,78000,Versailles,France,50,DWI,effe,DWIGHT,DWIGHT,DWIGHT,not found,6,DWIGHT Jefferson,SORRY
11,ULYSSES,Harding,75016,Paris,France,50,ULY,ardi,ULYSSES,ULYSSES,ULYSSES,not found,7,ULYSSES Harding,SORRY
12,   RUTHERFORD,Garfield,70563,Stuttgart,Germany,79,   ,arfi,  RUTHERFORD,RUTHERFORD,RUTHERFORD,not found,13,   RUTHERFORD Garfield,SORRY
13,JIMMY,Tyler,75016,Paris,France,19,JIM,yler,JIMMY,JIMMY,JIMMY,not found,5,JIMMY Tyler,SORRY
14,JAMES,Roosevelt,24100,Bergamo,Italy,27,JAM,oose,JAMES,JAMES,JAMES,not found,5,JAMES Roosevelt,SORRY
15,RONALD,Wilson,67000,Strasbourg,France,83,RON,ilso,RONALD,RONALD,RONALD,not found,6,RONALD Wilson,SORRY
16, MARTIN,Roosevelt,59000,Lille,France,78, MA,oose,MARTIN,MARTIN,MARTIN,not found,7, MARTIN Roosevelt,SORRY
17,MART  IN,Kennedy,78000,Versailles,France,86,MAR,enne,MART  IN,MART IN,MARTIN,not found,8,MART  IN Kennedy,SORRY
18,JOHN,Taft,68306,Mannheim,Germany,59,JOH,aft,JOHN,JOHN,JOHN,not found,4,JOHN Taft,SORRY
19,BILL,Eisenhower,94117,San Francisco,USA,44,BIL,isen,BILL,BILL,BILL,1,4,BILL Eisenhower,YES
20,RONALD,Coolidge,87110,Albuquerque,USA,63,RON,ooli,RONALD,RONALD,RONALD,not found,6,RONALD Coolidge,SORRY
21,FRANKLIN,Johnson,44000,Nantes,France,38,FRA,ohns,FRANKLIN,FRANKLIN,FRANKLIN,not found,8,FRANKLIN Johnson,SORRY
22,BENJAMIN,Reagan,44087,Münster,Germany,84,BEN,eaga,BENJAMIN,BENJAMIN,BENJAMIN,1,8,BENJAMIN Reagan,SORRY
23,BENJAMIN,Van Buren,44087,Münster,Germany,41,BEN,an B,BENJAMIN,BENJAMIN,BENJAMIN,1,8,BENJAMIN Van Buren,SORRY
24,ULYSSES,Tyler,44000,Nantes,France,46,ULY,yler,ULYSSES,ULYSSES,ULYSSES,not found,7,ULYSSES Tyler,SORRY
25,JAMES,Cleveland,14776,Brandenburg,Germany,13,JAM,leve,JAMES,JAMES,JAMES,not found,5,JAMES Cleveland,SORRY
26,HARRY,Truman,52066,Aachen,Germany,36,HAR,ruma,HARRY,HARRY,HARRY,not found,5,HARRY Truman,YES
27,CHESTER,Roosevelt,80805,München,Germany,44,CHE,oose,CHESTER,CHESTER,CHESTER,not found,7,CHESTER Roosevelt,SORRY
28,WARREN,Roosevelt,67000,Strasbourg,France,0,WAR,oose,WARREN,WARREN,WARREN,not found,6,WARREN Roosevelt,SORRY
29,MILLARD,Eisenhower,42100,Reggio Emilia,Italy,84,MIL,isen,MILLARD,MILLARD,MILLARD,not found,7,MILLARD Eisenhower,SORRY
30,BENJAMIN,Madison,59801,Butte,USA,41,BEN,adis,BENJAMIN,BENJAMIN,BENJAMIN,1,8,BENJAMIN Madison,SORRY
31,DWIGHT,Van Buren,14776,Brandenburg,Germany,57,DWI,an B,DWIGHT,DWIGHT,DWIGHT,not found,6,DWIGHT Van Buren,SORRY
32,BENJAMIN,Buchanan,75016,Paris,France,50,BEN,ucha,BENJAMIN,BENJAMIN,BENJAMIN,1,8,BENJAMIN Buchanan,SORRY
33,HERBERT,Harrison,69004,Lyon,France,88,HER,arri,HERBERT,HERBERT,HERBERT,4,7,HERBERT Harrison,SORRY
34,WOODROW,Kennedy,24100,Bergamo,Italy,92,WOO,enne,WOODROW,WOODROW,WOODROW,not found,7,WOODROW Kennedy,SORRY
35,BENJAMIN,Roosevelt,97201,Portland,USA,60,BEN,oose,BENJAMIN,BENJAMIN,BENJAMIN,1,8,BENJAMIN Roosevelt,SORRY
36,ULYSSES,Roosevelt,59000,Lille,France,9,ULY,oose,ULYSSES,ULYSSES,ULYSSES,not found,7,ULYSSES Roosevelt,SORRY
37,DWIGHT,Eisenhower,24100,Bergamo,Italy,78,DWI,isen,DWIGHT,DWIGHT,DWIGHT,not found,6,DWIGHT Eisenhower,SORRY
38,JIMMY,Washington,68306,Mannheim,Germany,26,JIM,ashi,JIMMY,JIMMY,JIMMY,not found,5,JIMMY Washington,SORRY
39,MILLARD,Clinton,97201,Portland,USA,7,MIL,lint,MILLARD,MILLARD,MILLARD,not found,7,MILLARD Clinton,SORRY
40,JIMMY,Polk,60528,Frankfurt a.M.,Germany,50,JIM,olk,JIMMY,JIMMY,JIMMY,not found,5,JIMMY Polk,SORRY
41,WARREN,Harrison,80805,München,Germany,33,WAR,arri,WARREN,WARREN,WARREN,not found,6,WARREN Harrison,SORRY
42,ANDREW,Adams,52066,Aachen,Germany,45,AND,dams,ANDREW,ANDREW,ANDREW,not found,6,ANDREW Adams,SORRY
43,CALVIN,Buchanan,10100,Torino,Italy,44,CAL,ucha,CALVIN,CALVIN,CALVIN,not found,6,CALVIN Buchanan,SORRY
44,ANDREW,Van Buren,97403,Eugene,USA,30,AND,an B,ANDREW,ANDREW,ANDREW,not found,6,ANDREW Van Buren,SORRY
45,RICHARD,Wilson,67000,Strasbourg,France,64,RIC,ilso,RICHARD,RICHARD,RICHARD,not found,7,RICHARD Wilson,SORRY
46,ZACHARY,Lincoln,98034,Kirkland,USA,2,ZAC,inco,ZACHARY,ZACHARY,ZACHARY,not found,7,ZACHARY Lincoln,SORRY
47,FRANKLIN,Roosevelt,98034,Kirkland,USA,6,FRA,oose,FRANKLIN,FRANKLIN,FRANKLIN,not found,8,FRANKLIN Roosevelt,SORRY
48,WARREN,Clinton,42100,Reggio Emilia,Italy,69,WAR,lint,WARREN,WARREN,WARREN,not found,6,WARREN Clinton,SORRY
49,DWIGHT,Jackson,98034,Kirkland,USA,52,DWI,acks,DWIGHT,DWIGHT,DWIGHT,not found,6,DWIGHT Jackson,SORRY
50,MILLARD,Monroe,75016,Paris,France,78,MIL,onro,MILLARD,MILLARD,MILLARD,not found,7,MILLARD Monroe,SORRY
51,JIMMY,Johnson,67000,Strasbourg,France,31,JIM,ohns,JIMMY,JIMMY,JIMMY,not found,5,JIMMY Johnson,SORRY
52,FRANKLIN,Buchanan,24100,Bergamo,Italy,33,FRA,ucha,FRANKLIN,FRANKLIN,FRANKLIN,not found,8,FRANKLIN Buchanan,SORRY
53,THOMAS,Ford,75012,Paris,France,94,THO,ord,THOMAS,THOMAS,THOMAS,not found,6,THOMAS Ford,SORRY
54,ANDREW,Roosevelt,59801,Butte,USA,0,AND,oose,ANDREW,ANDREW,ANDREW,not found,6,ANDREW Roosevelt,SORRY
55,HARRY,Jackson,42100,Reggio Emilia,Italy,25,HAR,acks,HARRY,HARRY,HARRY,not found,5,HARRY Jackson,YES
56,ULYSSES,Eisenhower,68306,Mannheim,Germany,37,ULY,isen,ULYSSES,ULYSSES,ULYSSES,not found,7,ULYSSES Eisenhower,SORRY
57,MILLARD,Harrison,14776,Brandenburg,Germany,34,MIL,arri,MILLARD,MILLARD,MILLARD,not found,7,MILLARD Harrison,SORRY
58,CALVIN,Polk,44000,Nantes,France,72,CAL,olk,CALVIN,CALVIN,CALVIN,not found,6,CALVIN Polk,SORRY
59,CHESTER,Adams,59000,Lille,France,47,CHE,dams,CHESTER,CHESTER,CHESTER,not found,7,CHESTER Adams,SORRY
60,GROVER,Carter,82520,Lander,USA,29,GRO,arte,GROVER,GROVER,GROVER,not found,6,GROVER Carter,SORRY
61,THOMAS,Hoover,4179,Leipzig,Germany,64,THO,oove,THOMAS,THOMAS,THOMAS,not found,6,THOMAS Hoover,SORRY
62,RUTHERFORD,Monroe,44000,Nantes,France,20,RUT,onro,RUTHERFORD,RUTHERFORD,RUTHERFORD,not found,10,RUTHERFORD Monroe,SORRY
63,DWIGHT,Quincy,70563,Stuttgart,Germany,85,DWI,uinc,DWIGHT,DWIGHT,DWIGHT,not found,6,DWIGHT Quincy,SORRY
64,HERBERT,Harrison,99508,Anchorage,USA,68,HER,arri,HERBERT,HERBERT,HERBERT,4,7,HERBERT Harrison,SORRY
65,HARRY,Harding,97827,Elgin,USA,1,HAR,ardi,HARRY,HARRY,HARRY,not found,5,HARRY Harding,YES
66,JOHN,Monroe,70563,Stuttgart,Germany,58,JOH,onro,JOHN,JOHN,JOHN,not found,4,JOHN Monroe,SORRY
67,CHESTER,Quincy,42100,Reggio Emilia,Italy,0,CHE,uinc,CHESTER,CHESTER,CHESTER,not found,7,CHESTER Quincy,SORRY
68,RUTHERFORD,Cleveland,97201,Portland,USA,65,RUT,leve,RUTHERFORD,RUTHERFORD,RUTHERFORD,not found,10,RUTHERFORD Cleveland,SORRY
69,WILLIAM,Harrison,67000,Strasbourg,France,80,WIL,arri,WILLIAM,WILLIAM,WILLIAM,not found,7,WILLIAM Harrison,SORRY
70,RONALD,Adams,51100,Reims,France,15,RON,dams,RONALD,RONALD,RONALD,not found,6,RONALD Adams,SORRY
71,DWIGHT,Monroe,97827,Elgin,USA,82,DWI,onro,DWIGHT,DWIGHT,DWIGHT,not found,6,DWIGHT Monroe,SORRY
72,WARREN,Clinton,60528,Frankfurt a.M.,Germany,66,WAR,lint,WARREN,WARREN,WARREN,not found,6,WARREN Clinton,SORRY
73,MILLARD,Van Buren,31000,Toulouse,France,16,MIL,an B,MILLARD,MILLARD,MILLARD,not found,7,MILLARD Van Buren,SORRY
74,GERALD,Harrison,24100,Bergamo,Italy,86,GER,arri,GERALD,GERALD,GERALD,not found,6,GERALD Harrison,SORRY
75,RONALD,Harrison,69004,Lyon,France,28,RON,arri,RONALD,RONALD,RONALD,not found,6,RONALD Harrison,SORRY
76,RUTHERFORD,Wilson,31000,Toulouse,France,46,RUT,ilso,RUTHERFORD,RUTHERFORD,RUTHERFORD,not found,10,RUTHERFORD Wilson,SORRY
77,DWIGHT,Taylor,1307,Cunewalde,Germany,72,DWI,aylo,DWIGHT,DWIGHT,DWIGHT,not found,6,DWIGHT Taylor,SORRY
78,FRANKLIN,Johnson,98128,Seattle,USA,99,FRA,ohns,FRANKLIN,FRANKLIN,FRANKLIN,not found,8,FRANKLIN Johnson,SORRY
79,MILLARD,Reagan,59000,Lille,France,74,MIL,eaga,MILLARD,MILLARD,MILLARD,not found,7,MILLARD Reagan,SORRY
80,WILLIAM,Harding,59000,Lille,France,3,WIL,ardi,WILLIAM,WILLIAM,WILLIAM,not found,7,WILLIAM Harding,SORRY
81,MARTIN,Arthur,75016,Paris,France,96,MAR,rthu,MARTIN,MARTIN,MARTIN,not found,6,MARTIN Arthur,SORRY
82,RUTHERFORD,Truman,97403,Eugene,USA,16,RUT,ruma,RUTHERFORD,RUTHERFORD,RUTHERFORD,not found,10,RUTHERFORD Truman,SORRY
83,WOODROW,Jefferson,4179,Leipzig,Germany,19,WOO,effe,WOODROW,WOODROW,WOODROW,not found,7,WOODROW Jefferson,SORRY
84,THOMAS,Harding,69004,Lyon,France,43,THO,ardi,THOMAS,THOMAS,THOMAS,not found,6,THOMAS Harding,SORRY
85,RICHARD,Harrison,42100,Reggio Emilia,Italy,10,RIC,arri,RICHARD,RICHARD,RICHARD,not found,7,RICHARD Harrison,SORRY
86,ABRAHAM,Taft,13008,Marseille,France,92,ABR,aft,ABRAHAM,ABRAHAM,ABRAHAM,2,7,ABRAHAM Taft,SORRY
87,WILLIAM,Van Buren,78000,Versailles,France,87,WIL,an B,WILLIAM,WILLIAM,WILLIAM,not found,7,WILLIAM Van Buren,SORRY
88,RUTHERFORD,Tyler,97201,Portland,USA,38,RUT,yler,RUTHERFORD,RUTHERFORD,RUTHERFORD,not found,10,RUTHERFORD Tyler,SORRY
89,WOODROW,Roosevelt,69004,Lyon,France,38,WOO,oose,WOODROW,WOODROW,WOODROW,not found,7,WOODROW Roosevelt,SORRY
90,JIMMY,Jefferson,75012,Paris,France,46,JIM,effe,JIMMY,JIMMY,JIMMY,not found,5,JIMMY Jefferson,SORRY
91,GEORGE,Adams,69004,Lyon,France,12,GEO,dams,GEORGE,GEORGE,GEORGE,not found,6,GEORGE Adams,SORRY
92,ANDREW,Grant,52066,Aachen,Germany,19,AND,rant,ANDREW,ANDREW,ANDREW,not found,6,ANDREW Grant,SORRY
93,THOMAS,Hoover,94117,San Francisco,USA,29,THO,oove,THOMAS,THOMAS,THOMAS,not found,6,THOMAS Hoover,SORRY
94,FRANKLIN,Harrison,42100,Reggio Emilia,Italy,84,FRA,arri,FRANKLIN,FRANKLIN,FRANKLIN,not found,8,FRANKLIN Harrison,SORRY
95,GROVER,Quincy,50739,Köln,Germany,2,GRO,uinc,GROVER,GROVER,GROVER,not found,6,GROVER Quincy,SORRY
96,ANDREW,Grant,67000,Strasbourg,France,69,AND,rant,ANDREW,ANDREW,ANDREW,not found,6,ANDREW Grant,SORRY
97,WARREN,Truman,1307,Cunewalde,Germany,24,WAR,ruma,WARREN,WARREN,WARREN,not found,6,WARREN Truman,SORRY
98,HARRY,Tyler,70563,Stuttgart,Germany,6,HAR,yler,HARRY,HARRY,HARRY,not found,5,HARRY Tyler,YES
99,WILLIAM,Johnson,83720,Boise,USA,48,WIL,ohns,WILLIAM,WILLIAM,WILLIAM,not found,7,WILLIAM Johnson,SORRY
100,GROVER,Quincy,75016,Paris,France,6,GRO,uinc,GROVER,GROVER,GROVER,not found,6,GROVER Quincy,SORRY
101,ULYSSES,Cleveland,75016,Paris,France,100,ULY,leve,ULYSSES,ULYSSES,ULYSSES,not found,7,ULYSSES Cleveland,SORRY
102,JIMMY,Jackson,13008,Marseille,France,45,JIM,acks,JIMMY,JIMMY,JIMMY,not found,5,JIMMY Jackson,SORRY
103,CHESTER,Adams,97827,Elgin,USA,12,CHE,dams,CHESTER,CHESTER,CHESTER,not found,7,CHESTER Adams,SORRY
104,RONALD,Taylor,75016,Paris,France,24,RON,aylo,RONALD,RONALD,RONALD,not found,6,RONALD Taylor,SORRY
105,CHESTER,Jackson,51100,Reims,France,94,CHE,acks,CHESTER,CHESTER,CHESTER,not found,7,CHESTER Jackson,SORRY
106,RICHARD,Arthur,83720,Boise,USA,2,RIC,rthu,RICHARD,RICHARD,RICHARD,not found,7,RICHARD Arthur,SORRY
107,RICHARD,Johnson,87110,Albuquerque,USA,85,RIC,ohns,RICHARD,RICHARD,RICHARD,not found,7,RICHARD Johnson,SORRY
108,JIMMY,Taft,4179,Leipzig,Germany,84,JIM,aft,JIMMY,JIMMY,JIMMY,not found,5,JIMMY Taft,SORRY
109,MILLARD,Harrison,60528,Frankfurt a.M.,Germany,69,MIL,arri,MILLARD,MILLARD,MILLARD,not found,7,MILLARD Harrison,SORRY
110,RONALD,Hayes,82520,Lander,USA,7,RON,ayes,RONALD,RONALD,RONALD,not found,6,RONALD Hayes,SORRY
111,GROVER,Harrison,1307,Cunewalde,Germany,30,GRO,arri,GROVER,GROVER,GROVER,not found,6,GROVER Harrison,SORRY
112,JIMMY,Washington,59000,Lille,France,6,JIM,ashi,JIMMY,JIMMY,JIMMY,not found,5,JIMMY Washington,SORRY
113,ULYSSES,Fillmore,50739,Köln,Germany,17,ULY,illm,ULYSSES,ULYSSES,ULYSSES,not found,7,ULYSSES Fillmore,SORRY
114,JAMES,Polk,75012,Paris,France,82,JAM,olk,JAMES,JAMES,JAMES,not found,5,JAMES Polk,SORRY
115,MARTIN,Tyler,60528,Frankfurt a.M.,Germany,21,MAR,yler,MARTIN,MARTIN,MARTIN,not found,6,MARTIN Tyler,SORRY
116,ABRAHAM,Polk,44087,Münster,Germany,41,ABR,olk,ABRAHAM,ABRAHAM,ABRAHAM,2,7,ABRAHAM Polk,SORRY
117,JIMMY,Washington,94117,San Francisco,USA,87,JIM,ashi,JIMMY,JIMMY,JIMMY,not found,5,JIMMY Washington,SORRY
118,BILL,Eisenhower,50739,Köln,Germany,42,BIL,isen,BILL,BILL,BILL,1,4,BILL Eisenhower,YES
119,RICHARD,Kennedy,87110,Albuquerque,USA,32,RIC,enne,RICHARD,RICHARD,RICHARD,not found,7,RICHARD Kennedy,SORRY
120,RUTHERFORD,Fillmore,97219,Portland,USA,21,RUT,illm,RUTHERFORD,RUTHERFORD,RUTHERFORD,not found,10,RUTHERFORD Fillmore,SORRY
121,THOMAS,Jackson,13008,Marseille,France,45,THO,acks,THOMAS,THOMAS,THOMAS,not found,6,THOMAS Jackson,SORRY
122,GROVER,Clinton,12209,Berlin,Germany,4,GRO,lint,GROVER,GROVER,GROVER,not found,6,GROVER Clinton,SORRY
123,JIMMY,Roosevelt,69004,Lyon,France,50,JIM,oose,JIMMY,JIMMY,JIMMY,not found,5,JIMMY Roosevelt,SORRY
124,THEODORE,Wilson,97827,Elgin,USA,65,THE,ilso,THEODORE,THEODORE,THEODORE,not found,8,THEODORE Wilson,SORRY
125,FRANKLIN,Johnson,94117,San Francisco,USA,19,FRA,ohns,FRANKLIN,FRANKLIN,FRANKLIN,not found,8,FRANKLIN Johnson,SORRY
126,WILLIAM,Hayes,42100,Reggio Emilia,Italy,56,WIL,ayes,WILLIAM,WILLIAM,WILLIAM,not found,7,WILLIAM Hayes,SORRY
127,BENJAMIN,Washington,87110,Albuquerque,USA,26,BEN,ashi,BENJAMIN,BENJAMIN,BENJAMIN,1,8,BENJAMIN Washington,SORRY
128,ULYSSES,Arthur,31000,Toulouse,France,96,ULY,rthu,ULYSSES,ULYSSES,ULYSSES,not found,7,ULYSSES Arthur,SORRY
129,DWIGHT,Kennedy,70563,Stuttgart,Germany,76,DWI,enne,DWIGHT,DWIGHT,DWIGHT,not found,6,DWIGHT Kennedy,SORRY
130,JIMMY,Monroe,52066,Aachen,Germany,9,JIM,onro,JIMMY,JIMMY,JIMMY,not found,5,JIMMY Monroe,SORRY
131,GEORGE,Hayes,75012,Paris,France,31,GEO,ayes,GEORGE,GEORGE,GEORGE,not found,6,GEORGE Hayes,SORRY
132,BILL,Ford,97827,Elgin,USA,92,BIL,ord,BILL,BILL,BILL,1,4,BILL Ford,YES
133,GEORGE,Lincoln,13008,Marseille,France,55,GEO,inco,GEORGE,GEORGE,GEORGE,not found,6,GEORGE Lincoln,SORRY
134,THEODORE,Eisenhower,59000,Lille,France,41,THE,isen,THEODORE,THEODORE,THEODORE,not found,8,THEODORE Eisenhower,SORRY
135,DWIGHT,McKinley,82520,Lander,USA,58,DWI,cKin,DWIGHT,DWIGHT,DWIGHT,not found,6,DWIGHT McKinley,SORRY
136,CALVIN,Kennedy,44000,Nantes,France,12,CAL,enne,CALVIN,CALVIN,CALVIN,not found,6,CALVIN Kennedy,SORRY
137,HERBERT,Harrison,97403,Eugene,USA,24,HER,arri,HERBERT,HERBERT,HERBERT,4,7,HERBERT Harrison,SORRY
138,RUTHERFORD,Taft,50739,Köln,Germany,36,RUT,aft,RUTHERFORD,RUTHERFORD,RUTHERFORD,not found,10,RUTHERFORD Taft,SORRY
139,CHESTER,Truman,69004,Lyon,France,45,CHE,ruma,CHESTER,CHESTER,CHESTER,not found,7,CHESTER Truman,SORRY
140,WARREN,Tyler,44000,Nantes,France,12,WAR,yler,WARREN,WARREN,WARREN,not found,6,WARREN Tyler,SORRY
141,MARTIN,Hoover,70563,Stuttgart,Germany,33,MAR,oove,MARTIN,MARTIN,MARTIN,not found,6,MARTIN Hoover,SORRY
142,ZACHARY,Harrison,1307,Cunewalde,Germany,33,ZAC,arri,ZACHARY,ZACHARY,ZACHARY,not found,7,ZACHARY Harrison,SORRY
143,HARRY,Harding,75012,Paris,France,20,HAR,ardi,HARRY,HARRY,HARRY,not found,5,HARRY Harding,YES
144,GEORGE,Jefferson,50739,Köln,Germany,39,GEO,effe,GEORGE,GEORGE,GEORGE,not found,6,GEORGE Jefferson,SORRY
145,THOMAS,Polk,75016,Paris,France,1,THO,olk,THOMAS,THOMAS,THOMAS,not found,6,THOMAS Polk,SORRY
146,HARRY,Harrison,80805,München,Germany,84,HAR,arri,HARRY,HARRY,HARRY,not found,5,HARRY Harrison,YES
147,LYNDON,Washington,69004,Lyon,France,71,LYN,ashi,LYNDON,LYNDON,LYNDON,not found,6,LYNDON Washington,SORRY
148,RONALD,Kennedy,12209,Berlin,Germany,69,RON,enne,RONALD,RONALD,RONALD,not found,6,RONALD Kennedy,SORRY
149,MILLARD,Arthur,59801,Butte,USA,26,MIL,rthu,MILLARD,MILLARD,MILLARD,not found,7,MILLARD Arthur,SORRY
150,HARRY,Nixon,97403,Eugene,USA,58,HAR,ixon,HARRY,HARRY,HARRY,not found,5,HARRY Nixon,YES
151,FRANKLIN,Kennedy,14776,Brandenburg,Germany,82,FRA,enne,FRANKLIN,FRANKLIN,FRANKLIN,not found,8,FRANKLIN Kennedy,SORRY
152,HARRY,Carter,1307,Cunewalde,Germany,0,HAR,arte,HARRY,HARRY,HARRY,not found,5,HARRY Carter,YES
153,MILLARD,McKinley,1307,Cunewalde,Germany,20,MIL,cKin,MILLARD,MILLARD,MILLARD,not found,7,MILLARD McKinley,SORRY
154,LYNDON,Monroe,87110,Albuquerque,USA,88,LYN,onro,LYNDON,LYNDON,LYNDON,not found,6,LYNDON Monroe,SORRY
155,HARRY,Johnson,80805,München,Germany,0,HAR,ohns,HARRY,HARRY,HARRY,not found,5,HARRY Johnson,YES
156,DWIGHT,Grant,82520,Lander,USA,22,DWI,rant,DWIGHT,DWIGHT,DWIGHT,not found,6,DWIGHT Grant,SORRY
157,ANDREW,Harrison,70563,Stuttgart,Germany,90,AND,arri,ANDREW,ANDREW,ANDREW,not found,6,ANDREW Harrison,SORRY
158,JOHN,Buchanan,82520,Lander,USA,11,JOH,ucha,JOHN,JOHN,JOHN,not found,4,JOHN Buchanan,SORRY
159,ANDREW,Taft,75012,Paris,France,24,AND,aft,ANDREW,ANDREW,ANDREW,not found,6,ANDREW Taft,SORRY
160,WARREN,Garfield,83720,Boise,USA,89,WAR,arfi,WARREN,WARREN,WARREN,not found,6,WARREN Garfield,SORRY
161,RUTHERFORD,Quincy,42100,Reggio Emilia,Italy,36,RUT,uinc,RUTHERFORD,RUTHERFORD,RUTHERFORD,not found,10,RUTHERFORD Quincy,SORRY
162,JAMES,Monroe,69004,Lyon,France,39,JAM,onro,JAMES,JAMES,JAMES,not found,5,JAMES Monroe,SORRY
163,DWIGHT,Reagan,42100,Reggio Emilia,Italy,60,DWI,eaga,DWIGHT,DWIGHT,DWIGHT,not found,6,DWIGHT Reagan,SORRY
164,CALVIN,Ford,97827,Elgin,USA,97,CAL,ord,CALVIN,CALVIN,CALVIN,not found,6,CALVIN Ford,SORRY
165,GERALD,Ford,44000,Nantes,France,30,GER,ord,GERALD,GERALD,GERALD,not found,6,GERALD Ford,SORRY
166,MILLARD,Van Buren,68306,Mannheim,Germany,22,MIL,an B,MILLARD,MILLARD,MILLARD,not found,7,MILLARD Van Buren,SORRY
167,WARREN,Roosevelt,51100,Reims,France,52,WAR,oose,WARREN,WARREN,WARREN,not found,6,WARREN Roosevelt,SORRY
168,HARRY,Tyler,14776,Brandenburg,Germany,10,HAR,yler,HARRY,HARRY,HARRY,not found,5,HARRY Tyler,YES
169,CHESTER,Fillmore,51100,Reims,France,81,CHE,illm,CHESTER,CHESTER,CHESTER,not found,7,CHESTER Fillmore,SORRY
170,THOMAS,Hayes,75012,Paris,France,88,THO,ayes,THOMAS,THOMAS,THOMAS,not found,6,THOMAS Hayes,SORRY
171,JAMES,Truman,67000,Strasbourg,France,68,JAM,ruma,JAMES,JAMES,JAMES,not found,5,JAMES Truman,SORRY
172,BILL,Ford,97403,Eugene,USA,69,BIL,ord,BILL,BILL,BILL,1,4,BILL Ford,YES
173,THOMAS,Truman,10100,Torino,Italy,21,THO,ruma,THOMAS,THOMAS,THOMAS,not found,6,THOMAS Truman,SORRY
174,WARREN,Hoover,97403,Eugene,USA,45,WAR,oove,WARREN,WARREN,WARREN,not found,6,WARREN Hoover,SORRY
175,GERALD,Van Buren,75016,Paris,France,55,GER,an B,GERALD,GERALD,GERALD,not found,6,GERALD Van Buren,SORRY
176,GEORGE,Quincy,94117,San Francisco,USA,56,GEO,uinc,GEORGE,GEORGE,GEORGE,not found,6,GEORGE Quincy,SORRY
177,JOHN,Roosevelt,60528,Frankfurt a.M.,Germany,66,JOH,oose,JOHN,JOHN,JOHN,not found,4,JOHN Roosevelt,SORRY
178,JIMMY,Adams,94117,San Francisco,USA,15,JIM,dams,JIMMY,JIMMY,JIMMY,not found,5,JIMMY Adams,SORRY
179,THEODORE,Coolidge,50739,Köln,Germany,65,THE,ooli,THEODORE,THEODORE,THEODORE,not found,8,THEODORE Coolidge,SORRY
180,CHESTER,Adams,52066,Aachen,Germany,14,CHE,dams,CHESTER,CHESTER,CHESTER,not found,7,CHESTER Adams,SORRY
181,GERALD,Van Buren,75012,Paris,France,5,GER,an B,GERALD,GERALD,GERALD,not found,6,GERALD Van Buren,SORRY
182,GERALD,Jefferson,44000,Nantes,France,88,GER,effe,GERALD,GERALD,GERALD,not found,6,GERALD Jefferson,SORRY
183,WARREN,Buchanan,97403,Eugene,USA,11,WAR,ucha,WARREN,WARREN,WARREN,not found,6,WARREN Buchanan,SORRY
184,CALVIN,Van Buren,69004,Lyon,France,54,CAL,an B,CALVIN,CALVIN,CALVIN,not found,6,CALVIN Van Buren,SORRY
185,ANDREW,Grant,24100,Bergamo,Italy,28,AND,rant,ANDREW,ANDREW,ANDREW,not found,6,ANDREW Grant,SORRY
186,RICHARD,Clinton,82520,Lander,USA,91,RIC,lint,RICHARD,RICHARD,RICHARD,not found,7,RICHARD Clinton,SORRY
187,MILLARD,Ford,75012,Paris,France,79,MIL,ord,MILLARD,MILLARD,MILLARD,not found,7,MILLARD Ford,SORRY
188,DWIGHT,Monroe,59801,Butte,USA,9,DWI,onro,DWIGHT,DWIGHT,DWIGHT,not found,6,DWIGHT Monroe,SORRY
189,THEODORE,Coolidge,75012,Paris,France,25,THE,ooli,THEODORE,THEODORE,THEODORE,not found,8,THEODORE Coolidge,SORRY
190,FRANKLIN,Johnson,44087,Münster,Germany,71,FRA,ohns,FRANKLIN,FRANKLIN,FRANKLIN,not found,8,FRANKLIN Johnson,SORRY
191,DWIGHT,Harrison,24100,Bergamo,Italy,36,DWI,arri,DWIGHT,DWIGHT,DWIGHT,not found,6,DWIGHT Harrison,SORRY
192,ANDREW,Grant,68306,Mannheim,Germany,54,AND,rant,ANDREW,ANDREW,ANDREW,not found,6,ANDREW Grant,SORRY
193,MARTIN,McKinley,98034,Kirkland,USA,35,MAR,cKin,MARTIN,MARTIN,MARTIN,not found,6,MARTIN McKinley,SORRY
194,BILL,Reagan,83720,Boise,USA,48,BIL,eaga,BILL,BILL,BILL,1,4,BILL Reagan,YES
195,ULYSSES,Eisenhower,98128,Seattle,USA,40,ULY,isen,ULYSSES,ULYSSES,ULYSSES,not found,7,ULYSSES Eisenhower,SORRY
196,GROVER,Garfield,31000,Toulouse,France,76,GRO,arfi,GROVER,GROVER,GROVER,not found,6,GROVER Garfield,SORRY
197,JOHN,Adams,82520,Lander,USA,29,JOH,dams,JOHN,JOHN,JOHN,not found,4,JOHN Adams,SORRY
198,WOODROW,Coolidge,97219,Portland,USA,10,WOO,ooli,WOODROW,WOODROW,WOODROW,not found,7,WOODROW Coolidge,SORRY
199,MARTIN,Ford,59000,Lille,France,95,MAR,ord,MARTIN,MARTIN,MARTIN,not found,6,MARTIN Ford,SORRY
200,JOHN,Pierce,98128,Seattle,USA,88,JOH,ierc,JOHN,JOHN,JOHN,not found,4,JOHN Pierce,SORRY
201,JAMES,Wilson,82520,Lander,USA,2,JAM,ilso,JAMES,JAMES,JAMES,not found,5,JAMES Wilson,SORRY
202,THEODORE,Johnson,13008,Marseille,France,22,THE,ohns,THEODORE,THEODORE,THEODORE,not found,8,THEODORE Johnson,SORRY
203,RUTHERFORD,Garfield,4179,Leipzig,Germany,58,RUT,arfi,RUTHERFORD,RUTHERFORD,RUTHERFORD,not found,10,RUTHERFORD Garfield,SORRY
204,JOHN,Harrison,83720,Boise,USA,47,JOH,arri,JOHN,JOHN,JOHN,not found,4,JOHN Harrison,SORRY
205,LYNDON,Johnson,31000,Toulouse,France,75,LYN,ohns,LYNDON,LYNDON,LYNDON,not found,6,LYNDON Johnson,SORRY
206,RONALD,Hayes,97219,Portland,USA,97,RON,ayes,RONALD,RONALD,RONALD,not found,6,RONALD Hayes,SORRY
207,THOMAS,Buchanan,4179,Leipzig,Germany,73,THO,ucha,THOMAS,THOMAS,THOMAS,not found,6,THOMAS Buchanan,SORRY
208,BILL,Harding,82520,Lander,USA,73,BIL,ardi,BILL,BILL,BILL,1,4,BILL Harding,YES
209,JAMES,McKinley,98034,Kirkland,USA,26,JAM,cKin,JAMES,JAMES,JAMES,not found,5,JAMES McKinley,SORRY
210,JOHN,Carter,59000,Lille,France,66,JOH,arte,JOHN,JOHN,JOHN,not found,4,JOHN Carter,SORRY
211,MARTIN,Van Buren,80805,München,Germany,55,MAR,an B,MARTIN,MARTIN,MARTIN,not found,6,MARTIN Van Buren,SORRY
212,HARRY,Jefferson,13008,Marseille,France,19,HAR,effe,HARRY,HARRY,HARRY,not found,5,HARRY Jefferson,YES
213,RUTHERFORD,Buchanan,75012,Paris,France,29,RUT,ucha,RUTHERFORD,RUTHERFORD,RUTHERFORD,not found,10,RUTHERFORD Buchanan,SORRY
214,RUTHERFORD,Clinton,59000,Lille,France,64,RUT,lint,RUTHERFORD,RUTHERFORD,RUTHERFORD,not found,10,RUTHERFORD Clinton,SORRY
215,CALVIN,Lincoln,75012,Paris,France,73,CAL,inco,CALVIN,CALVIN,CALVIN,not found,6,CALVIN Lincoln,SORRY
216,THEODORE,Clinton,1307,Cunewalde,Germany,89,THE,lint,THEODORE,THEODORE,THEODORE,not found,8,THEODORE Clinton,SORRY
217,RONALD,Madison,50739,Köln,Germany,5,RON,adis,RONALD,RONALD,RONALD,not found,6,RONALD Madison,SORRY
218,BENJAMIN,Pierce,4179,Leipzig,Germany,19,BEN,ierc,BENJAMIN,BENJAMIN,BENJAMIN,1,8,BENJAMIN Pierce,SORRY
219,FRANKLIN,Harrison,24100,Bergamo,Italy,36,FRA,arri,FRANKLIN,FRANKLIN,FRANKLIN,not found,8,FRANKLIN Harrison,SORRY
220,CHESTER,Clinton,97219,Portland,USA,0,CHE,lint,CHESTER,CHESTER,CHESTER,not found,7,CHESTER Clinton,SORRY
221,JIMMY,Nixon,24100,Bergamo,Italy,49,JIM,ixon,JIMMY,JIMMY,JIMMY,not found,5,JIMMY Nixon,SORRY
222,THOMAS,Garfield,50739,Köln,Germany,99,THO,arfi,THOMAS,THOMAS,THOMAS,not found,6,THOMAS Garfield,SORRY
223,DWIGHT,Washington,42100,Reggio Emilia,Italy,78,DWI,ashi,DWIGHT,DWIGHT,DWIGHT,not found,6,DWIGHT Washington,SORRY
224,RICHARD,Ford,4179,Leipzig,Germany,68,RIC,ord,RICHARD,RICHARD,RICHARD,not found,7,RICHARD Ford,SORRY
225,GERALD,Quincy,99508,Anchorage,USA,19,GER,uinc,GERALD,GERALD,GERALD,not found,6,GERALD Quincy,SORRY
226,THEODORE,Johnson,97219,Portland,USA,91,THE,ohns,THEODORE,THEODORE,THEODORE,not found,8,THEODORE Johnson,SORRY
227,RUTHERFORD,Lincoln,60528,Frankfurt a.M.,Germany,9,RUT,inco,RUTHERFORD,RUTHERFORD,RUTHERFORD,not found,10,RUTHERFORD Lincoln,SORRY
228,FRANKLIN,Roosevelt,60528,Frankfurt a.M.,Germany,35,FRA,oose,FRANKLIN,FRANKLIN,FRANKLIN,not found,8,FRANKLIN Roosevelt,SORRY
229,ZACHARY,Grant,13008,Marseille,France,57,ZAC,rant,ZACHARY,ZACHARY,ZACHARY,not found,7,ZACHARY Grant,SORRY
230,WOODROW,Jackson,44087,Münster,Germany,30,WOO,acks,WOODROW,WOODROW,WOODROW,not found,7,WOODROW Jackson,SORRY
231,ABRAHAM,Johnson,13008,Marseille,France,43,ABR,ohns,ABRAHAM,ABRAHAM,ABRAHAM,2,7,ABRAHAM Johnson,SORRY
232,ZACHARY,Tyler,75012,Paris,France,58,ZAC,yler,ZACHARY,ZACHARY,ZACHARY,not found,7,ZACHARY Tyler,SORRY
233,HARRY,Garfield,59801,Butte,USA,43,HAR,arfi,HARRY,HARRY,HARRY,not found,5,HARRY Garfield,YES
234,RICHARD,Adams,24100,Bergamo,Italy,52,RIC,dams,RICHARD,RICHARD,RICHARD,not found,7,RICHARD Adams,SORRY
235,WOODROW,Carter,31000,Toulouse,France,56,WOO,arte,WOODROW,WOODROW,WOODROW,not found,7,WOODROW Carter,SORRY
236,WOODROW,Buchanan,98128,Seattle,USA,17,WOO,ucha,WOODROW,WOODROW,WOODROW,not found,7,WOODROW Buchanan,SORRY
237,WARREN,Taylor,80805,München,Germany,12,WAR,aylo,WARREN,WARREN,WARREN,not found,6,WARREN Taylor,SORRY
238,DWIGHT,Johnson,44087,Münster,Germany,0,DWI,ohns,DWIGHT,DWIGHT,DWIGHT,not found,6,DWIGHT Johnson,SORRY
239,GEORGE,McKinley,12209,Berlin,Germany,63,GEO,cKin,GEORGE,GEORGE,GEORGE,not found,6,GEORGE McKinley,SORRY
240,JIMMY,Taft,24100,Bergamo,Italy,6,JIM,aft,JIMMY,JIMMY,JIMMY,not found,5,JIMMY Taft,SORRY
241,ULYSSES,Grant,52066,Aachen,Germany,12,ULY,rant,ULYSSES,ULYSSES,ULYSSES,not found,7,ULYSSES Grant,SORRY
242,CHESTER,Roosevelt,14776,Brandenburg,Germany,81,CHE,oose,CHESTER,CHESTER,CHESTER,not found,7,CHESTER Roosevelt,SORRY
243,BENJAMIN,Adams,97827,Elgin,USA,47,BEN,dams,BENJAMIN,BENJAMIN,BENJAMIN,1,8,BENJAMIN Adams,SORRY
244,FRANKLIN,Reagan,68306,Mannheim,Germany,1,FRA,eaga,FRANKLIN,FRANKLIN,FRANKLIN,not found,8,FRANKLIN Reagan,SORRY
245,ABRAHAM,Taft,59801,Butte,USA,61,ABR,aft,ABRAHAM,ABRAHAM,ABRAHAM,2,7,ABRAHAM Taft,SORRY
246,JIMMY,Roosevelt,42100,Reggio Emilia,Italy,89,JIM,oose,JIMMY,JIMMY,JIMMY,not found,5,JIMMY Roosevelt,SORRY
247,MILLARD,Clinton,98128,Seattle,USA,90,MIL,lint,MILLARD,MILLARD,MILLARD,not found,7,MILLARD Clinton,SORRY
248,CHESTER,Wilson,1307,Cunewalde,Germany,60,CHE,ilso,CHESTER,CHESTER,CHESTER,not found,7,CHESTER Wilson,SORRY
249,GEORGE,Adams,80805,München,Germany,38,GEO,dams,GEORGE,GEORGE,GEORGE,not found,6,GEORGE Adams,SORRY
250,JAMES,Taft,75012,Paris,France,67,JAM,aft,JAMES,JAMES,JAMES,not found,5,JAMES Taft,SORRY
251,HARRY,Truman,44087,Münster,Germany,49,HAR,ruma,HARRY,HARRY,HARRY,not found,5,HARRY Truman,YES
252,WARREN,Carter,75012,Paris,France,15,WAR,arte,WARREN,WARREN,WARREN,not found,6,WARREN Carter,SORRY
253,THEODORE,Jackson,67000,Strasbourg,France,84,THE,acks,THEODORE,THEODORE,THEODORE,not found,8,THEODORE Jackson,SORRY
254,JOHN,Carter,70563,Stuttgart,Germany,24,JOH,arte,JOHN,JOHN,JOHN,not found,4,JOHN Carter,SORRY
255,JOHN,Garfield,59801,Butte,USA,61,JOH,arfi,JOHN,JOHN,JOHN,not found,4,JOHN Garfield,SORRY
256,GEORGE,Johnson,52066,Aachen,Germany,49,GEO,ohns,GEORGE,GEORGE,GEORGE,not found,6,GEORGE Johnson,SORRY
257,BENJAMIN,Carter,68306,Mannheim,Germany,22,BEN,arte,BENJAMIN,BENJAMIN,BENJAMIN,1,8,BENJAMIN Carter,SORRY
258,RICHARD,Adams,24100,Bergamo,Italy,48,RIC,dams,RICHARD,RICHARD,RICHARD,not found,7,RICHARD Adams,SORRY
259,JIMMY,McKinley,83720,Boise,USA,20,JIM,cKin,JIMMY,JIMMY,JIMMY,not found,5,JIMMY McKinley,SORRY
260,GERALD,Fillmore,82520,Lander,USA,50,GER,illm,GERALD,GERALD,GERALD,not found,6,GERALD Fillmore,SORRY
261,WOODROW,Nixon,97219,Portland,USA,97,WOO,ixon,WOODROW,WOODROW,WOODROW,not found,7,WOODROW Nixon,SORRY
262,MILLARD,Coolidge,1307,Cunewalde,Germany,44,MIL,ooli,MILLARD,MILLARD,MILLARD,not found,7,MILLARD Coolidge,SORRY
263,HARRY,Reagan,97219,Portland,USA,10,HAR,eaga,HARRY,HARRY,HARRY,not found,5,HARRY Reagan,YES
264,WILLIAM,Tyler,97403,Eugene,USA,49,WIL,yler,WILLIAM,WILLIAM,WILLIAM,not found,7,WILLIAM Tyler,SORRY
265,MILLARD,Tyler,60528,Frankfurt a.M.,Germany,57,MIL,yler,MILLARD,MILLARD,MILLARD,not found,7,MILLARD Tyler,SORRY
266,THEODORE,Adams,44000,Nantes,France,38,THE,dams,THEODORE,THEODORE,THEODORE,not found,8,THEODORE Adams,SORRY
267,FRANKLIN,Johnson,24100,Bergamo,Italy,10,FRA,ohns,FRANKLIN,FRANKLIN,FRANKLIN,not found,8,FRANKLIN Johnson,SORRY
268,ULYSSES,Clinton,1307,Cunewalde,Germany,55,ULY,lint,ULYSSES,ULYSSES,ULYSSES,not found,7,ULYSSES Clinton,SORRY
269,JAMES,Arthur,75012,Paris,France,38,JAM,rthu,JAMES,JAMES,JAMES,not found,5,JAMES Arthur,SORRY
270,LYNDON,Buchanan,52066,Aachen,Germany,32,LYN,ucha,LYNDON,LYNDON,LYNDON,not found,6,LYNDON Buchanan,SORRY
271,THEODORE,Truman,83720,Boise,USA,51,THE,ruma,THEODORE,THEODORE,THEODORE,not found,8,THEODORE Truman,SORRY
272,DWIGHT,Washington,82520,Lander,USA,25,DWI,ashi,DWIGHT,DWIGHT,DWIGHT,not found,6,DWIGHT Washington,SORRY
273,WOODROW,Cleveland,75012,Paris,France,96,WOO,leve,WOODROW,WOODROW,WOODROW,not found,7,WOODROW Cleveland,SORRY
274,RONALD,Kennedy,12209,Berlin,Germany,6,RON,enne,RONALD,RONALD,RONALD,not found,6,RONALD Kennedy,SORRY
275,HERBERT,Adams,31000,Toulouse,France,50,HER,dams,HERBERT,HERBERT,HERBERT,4,7,HERBERT Adams,SORRY
276,BILL,Hayes,60528,Frankfurt a.M.,Germany,37,BIL,ayes,BILL,BILL,BILL,1,4,BILL Hayes,YES
277,ZACHARY,Cleveland,82520,Lander,USA,95,ZAC,leve,ZACHARY,ZACHARY,ZACHARY,not found,7,ZACHARY Cleveland,SORRY
278,RUTHERFORD,Garfield,52066,Aachen,Germany,35,RUT,arfi,RUTHERFORD,RUTHERFORD,RUTHERFORD,not found,10,RUTHERFORD Garfield,SORRY
279,GEORGE,Grant,68306,Mannheim,Germany,66,GEO,rant,GEORGE,GEORGE,GEORGE,not found,6,GEORGE Grant,SORRY
280,ULYSSES,Pierce,44087,Münster,Germany,87,ULY,ierc,ULYSSES,ULYSSES,ULYSSES,not found,7,ULYSSES Pierce,SORRY
281,GROVER,Nixon,83720,Boise,USA,63,GRO,ixon,GROVER,GROVER,GROVER,not found,6,GROVER Nixon,SORRY
282,MILLARD,Hoover,51100,Reims,France,11,MIL,oove,MILLARD,MILLARD,MILLARD,not found,7,MILLARD Hoover,SORRY
283,BENJAMIN,Buchanan,14776,Brandenburg,Germany,32,BEN,ucha,BENJAMIN,BENJAMIN,BENJAMIN,1,8,BENJAMIN Buchanan,SORRY
284,FRANKLIN,Polk,10100,Torino,Italy,93,FRA,olk,FRANKLIN,FRANKLIN,FRANKLIN,not found,8,FRANKLIN Polk,SORRY
285,ANDREW,Arthur,68306,Mannheim,Germany,19,AND,rthu,ANDREW,ANDREW,ANDREW,not found,6,ANDREW Arthur,SORRY
286,ZACHARY,Jackson,50739,Köln,Germany,4,ZAC,acks,ZACHARY,ZACHARY,ZACHARY,not found,7,ZACHARY Jackson,SORRY
287,ANDREW,McKinley,59801,Butte,USA,37,AND,cKin,ANDREW,ANDREW,ANDREW,not found,6,ANDREW McKinley,SORRY
288,DWIGHT,Fillmore,78000,Versailles,France,100,DWI,illm,DWIGHT,DWIGHT,DWIGHT,not found,6,DWIGHT Fillmore,SORRY
289,RICHARD,Adams,97219,Portland,USA,80,RIC,dams,RICHARD,RICHARD,RICHARD,not found,7,RICHARD Adams,SORRY
290,JAMES,Wilson,44087,Münster,Germany,27,JAM,ilso,JAMES,JAMES,JAMES,not found,5,JAMES Wilson,SORRY
291,WARREN,Clinton,68306,Mannheim,Germany,84,WAR,lint,WARREN,WARREN,WARREN,not found,6,WARREN Clinton,SORRY
292,MILLARD,Fillmore,75016,Paris,France,83,MIL,illm,MILLARD,MILLARD,MILLARD,not found,7,MILLARD Fillmore,SORRY
293,ANDREW,Tyler,52066,Aachen,Germany,69,AND,yler,ANDREW,ANDREW,ANDREW,not found,6,ANDREW Tyler,SORRY
294,GROVER,Johnson,80805,München,Germany,85,GRO,ohns,GROVER,GROVER,GROVER,not found,6,GROVER Johnson,SORRY
295,WOODROW,Truman,75012,Paris,France,91,WOO,ruma,WOODROW,WOODROW,WOODROW,not found,7,WOODROW Truman,SORRY
296,LYNDON,McKinley,12209,Berlin,Germany,100,LYN,cKin,LYNDON,LYNDON,LYNDON,not found,6,LYNDON McKinley,SORRY
297,WILLIAM,Reagan,75012,Paris,France,0,WIL,eaga,WILLIAM,WILLIAM,WILLIAM,not found,7,WILLIAM Reagan,SORRY
298,HARRY,Cleveland,68306,Mannheim,Germany,0,HAR,leve,HARRY,HARRY,HARRY,not found,5,HARRY Cleveland,YES
299,BENJAMIN,Hoover,14776,Brandenburg,Germany,12,BEN,oove,BENJAMIN,BENJAMIN,BENJAMIN,1,8,BENJAMIN Hoover,SORRY
300,FRANKLIN,Monroe,31000,Toulouse,France,91,FRA,onro,FRANKLIN,FRANKLIN,FRANKLIN,not found,8,FRANKLIN Monroe,SORRY
301,JOHN,Garfield,50739,Köln,Germany,2,JOH,arfi,JOHN,JOHN,JOHN,not found,4,JOHN Garfield,SORRY
302,JAMES,Clinton,75016,Paris,France,40,JAM,lint,JAMES,JAMES,JAMES,not found,5,JAMES Clinton,SORRY
303,RICHARD,Harrison,94117,San Francisco,USA,66,RIC,arri,RICHARD,RICHARD,RICHARD,not found,7,RICHARD Harrison,SORRY
304,WILLIAM,Johnson,69004,Lyon,France,70,WIL,ohns,WILLIAM,WILLIAM,WILLIAM,not found,7,WILLIAM Johnson,SORRY
305,HERBERT,Grant,44087,Münster,Germany,12,HER,rant,HERBERT,HERBERT,HERBERT,4,7,HERBERT Grant,SORRY
306,WARREN,Monroe,68306,Mannheim,Germany,80,WAR,onro,WARREN,WARREN,WARREN,not found,6,WARREN Monroe,SORRY
307,ABRAHAM,Harding,82520,Lander,USA,57,ABR,ardi,ABRAHAM,ABRAHAM,ABRAHAM,2,7,ABRAHAM Harding,SORRY
308,GEORGE,Quincy,78000,Versailles,France,46,GEO,uinc,GEORGE,GEORGE,GEORGE,not found,6,GEORGE Quincy,SORRY
309,LYNDON,McKinley,70563,Stuttgart,Germany,39,LYN,cKin,LYNDON,LYNDON,LYNDON,not found,6,LYNDON McKinley,SORRY
310,WILLIAM,Harrison,75012,Paris,France,72,WIL,arri,WILLIAM,WILLIAM,WILLIAM,not found,7,WILLIAM Harrison,SORRY
311,BENJAMIN,Johnson,70563,Stuttgart,Germany,4,BEN,ohns,BENJAMIN,BENJAMIN,BENJAMIN,1,8,BENJAMIN Johnson,SORRY
312,GERALD,Garfield,75016,Paris,France,90,GER,arfi,GERALD,GERALD,GERALD,not found,6,GERALD Garfield,SORRY
313,CALVIN,Taft,87110,Albuquerque,USA,86,CAL,aft,CALVIN,CALVIN,CALVIN,not found,6,CALVIN Taft,SORRY
314,CHESTER,Tyler,67000,Strasbourg,France,0,CHE,yler,CHESTER,CHESTER,CHESTER,not found,7,CHESTER Tyler,SORRY
315,JAMES,Jefferson,70563,Stuttgart,Germany,37,JAM,effe,JAMES,JAMES,JAMES,not found,5,JAMES Jefferson,SORRY
316,THEODORE,Johnson,44000,Nantes,France,11,THE,ohns,THEODORE,THEODORE,THEODORE,not found,8,THEODORE Johnson,SORRY
317,GEORGE,Adams,83720,Boise,USA,4,GEO,dams,GEORGE,GEORGE,GEORGE,not found,6,GEORGE Adams,SORRY
318,THOMAS,Roosevelt,51100,Reims,France,55,THO,oose,THOMAS,THOMAS,THOMAS,not found,6,THOMAS Roosevelt,SORRY
319,DWIGHT,Lincoln,13008,Marseille,France,13,DWI,inco,DWIGHT,DWIGHT,DWIGHT,not found,6,DWIGHT Lincoln,SORRY
320,HARRY,Buchanan,97219,Portland,USA,24,HAR,ucha,HARRY,HARRY,HARRY,not found,5,HARRY Buchanan,YES
321,CALVIN,Quincy,13008,Marseille,France,83,CAL,uinc,CALVIN,CALVIN,CALVIN,not found,6,CALVIN Quincy,SORRY
322,WOODROW,Grant,44087,Münster,Germany,13,WOO,rant,WOODROW,WOODROW,WOODROW,not found,7,WOODROW Grant,SORRY
323,GERALD,Eisenhower,70563,Stuttgart,Germany,16,GER,isen,GERALD,GERALD,GERALD,not found,6,GERALD Eisenhower,SORRY
324,WILLIAM,Roosevelt,87110,Albuquerque,USA,70,WIL,oose,WILLIAM,WILLIAM,WILLIAM,not found,7,WILLIAM Roosevelt,SORRY
325,GERALD,McKinley,75016,Paris,France,84,GER,cKin,GERALD,GERALD,GERALD,not found,6,GERALD McKinley,SORRY
326,JAMES,Grant,97219,Portland,USA,87,JAM,rant,JAMES,JAMES,JAMES,not found,5,JAMES Grant,SORRY
327,JAMES,Roosevelt,50739,Köln,Germany,29,JAM,oose,JAMES,JAMES,JAMES,not found,5,JAMES Roosevelt,SORRY
328,RUTHERFORD,Buchanan,69004,Lyon,France,4,RUT,ucha,RUTHERFORD,RUTHERFORD,RUTHERFORD,not found,10,RUTHERFORD Buchanan,SORRY
329,MARTIN,Polk,80805,München,Germany,34,MAR,olk,MARTIN,MARTIN,MARTIN,not found,6,MARTIN Polk,SORRY
330,JIMMY,Johnson,83720,Boise,USA,29,JIM,ohns,JIMMY,JIMMY,JIMMY,not found,5,JIMMY Johnson,SORRY
331,MARTIN,Hoover,82520,Lander,USA,17,MAR,oove,MARTIN,MARTIN,MARTIN,not found,6,MARTIN Hoover,SORRY
332,LYNDON,Garfield,97403,Eugene,USA,35,LYN,arfi,LYNDON,LYNDON,LYNDON,not found,6,LYNDON Garfield,SORRY
333,JIMMY,Roosevelt,68306,Mannheim,Germany,11,JIM,oose,JIMMY,JIMMY,JIMMY,not found,5,JIMMY Roosevelt,SORRY
334,RONALD,Van Buren,44087,Münster,Germany,32,RON,an B,RONALD,RONALD,RONALD,not found,6,RONALD Van Buren,SORRY
335,GEORGE,Harrison,82520,Lander,USA,73,GEO,arri,GEORGE,GEORGE,GEORGE,not found,6,GEORGE Harrison,SORRY
336,JIMMY,Clinton,69004,Lyon,France,8,JIM,lint,JIMMY,JIMMY,JIMMY,not found,5,JIMMY Clinton,SORRY
337,WARREN,Jefferson,59801,Butte,USA,93,WAR,effe,WARREN,WARREN,WARREN,not found,6,WARREN Jefferson,SORRY
338,BILL,Jefferson,59801,Butte,USA,30,BIL,effe,BILL,BILL,BILL,1,4,BILL Jefferson,YES
339,JIMMY,Jefferson,12209,Berlin,Germany,8,JIM,effe,JIMMY,JIMMY,JIMMY,not found,5,JIMMY Jefferson,SORRY
340,GROVER,Coolidge,44000,Nantes,France,39,GRO,ooli,GROVER,GROVER,GROVER,not found,6,GROVER Coolidge,SORRY
341,LYNDON,Coolidge,67000,Strasbourg,France,75,LYN,ooli,LYNDON,LYNDON,LYNDON,not found,6,LYNDON Coolidge,SORRY
342,FRANKLIN,Quincy,78000,Versailles,France,47,FRA,uinc,FRANKLIN,FRANKLIN,FRANKLIN,not found,8,FRANKLIN Quincy,SORRY
343,ULYSSES,Adams,51100,Reims,France,7,ULY,dams,ULYSSES,ULYSSES,ULYSSES,not found,7,ULYSSES Adams,SORRY
344,JOHN,Eisenhower,67000,Strasbourg,France,84,JOH,isen,JOHN,JOHN,JOHN,not found,4,JOHN Eisenhower,SORRY
345,BILL,Coolidge,52066,Aachen,Germany,10,BIL,ooli,BILL,BILL,BILL,1,4,BILL Coolidge,YES
346,GEORGE,Buchanan,83720,Boise,USA,35,GEO,ucha,GEORGE,GEORGE,GEORGE,not found,6,GEORGE Buchanan,SORRY
347,HERBERT,Arthur,97201,Portland,USA,67,HER,rthu,HERBERT,HERBERT,HERBERT,4,7,HERBERT Arthur,SORRY
348,JOHN,Hoover,69004,Lyon,France,74,JOH,oove,JOHN,JOHN,JOHN,not found,4,JOHN Hoover,SORRY
349,HARRY,Cleveland,83720,Boise,USA,0,HAR,leve,HARRY,HARRY,HARRY,not found,5,HARRY Cleveland,YES
350,THEODORE,Polk,68306,Mannheim,Germany,49,THE,olk,THEODORE,THEODORE,THEODORE,not found,8,THEODORE Polk,SORRY
351,FRANKLIN,Wilson,52066,Aachen,Germany,93,FRA,ilso,FRANKLIN,FRANKLIN,FRANKLIN,not found,8,FRANKLIN Wilson,SORRY
352,ZACHARY,Adams,59000,Lille,France,0,ZAC,dams,ZACHARY,ZACHARY,ZACHARY,not found,7,ZACHARY Adams,SORRY
353,THOMAS,Quincy,97219,Portland,USA,31,THO,uinc,THOMAS,THOMAS,THOMAS,not found,6,THOMAS Quincy,SORRY
354,BILL,Cleveland,52066,Aachen,Germany,67,BIL,leve,BILL,BILL,BILL,1,4,BILL Cleveland,YES
355,MARTIN,Johnson,97403,Eugene,USA,17,MAR,ohns,MARTIN,MARTIN,MARTIN,not found,6,MARTIN Johnson,SORRY
356,RICHARD,Grant,82520,Lander,USA,1,RIC,rant,RICHARD,RICHARD,RICHARD,not found,7,RICHARD Grant,SORRY
357,BENJAMIN,Coolidge,59801,Butte,USA,0,BEN,ooli,BENJAMIN,BENJAMIN,BENJAMIN,1,8,BENJAMIN Coolidge,SORRY
358,JIMMY,Grant,98034,Kirkland,USA,42,JIM,rant,JIMMY,JIMMY,JIMMY,not found,5,JIMMY Grant,SORRY
359,DWIGHT,Tyler,69004,Lyon,France,46,DWI,yler,DWIGHT,DWIGHT,DWIGHT,not found,6,DWIGHT Tyler,SORRY
360,ANDREW,Coolidge,67000,Strasbourg,France,61,AND,ooli,ANDREW,ANDREW,ANDREW,not found,6,ANDREW Coolidge,SORRY
361,GEORGE,Roosevelt,59801,Butte,USA,61,GEO,oose,GEORGE,GEORGE,GEORGE,not found,6,GEORGE Roosevelt,SORRY
362,BILL,Ford,97827,Elgin,USA,42,BIL,ord,BILL,BILL,BILL,1,4,BILL Ford,YES
363,GERALD,Pierce,97403,Eugene,USA,69,GER,ierc,GERALD,GERALD,GERALD,not found,6,GERALD Pierce,SORRY
364,CHESTER,Reagan,50739,Köln,Germany,62,CHE,eaga,CHESTER,CHESTER,CHESTER,not found,7,CHESTER Reagan,SORRY
365,FRANKLIN,Lincoln,10100,Torino,Italy,54,FRA,inco,FRANKLIN,FRANKLIN,FRANKLIN,not found,8,FRANKLIN Lincoln,SORRY
366,HARRY,Kennedy,98128,Seattle,USA,56,HAR,enne,HARRY,HARRY,HARRY,not found,5,HARRY Kennedy,YES
367,ULYSSES,Eisenhower,80805,München,Germany,75,ULY,isen,ULYSSES,ULYSSES,ULYSSES,not found,7,ULYSSES Eisenhower,SORRY
368,CHESTER,Arthur,67000,Strasbourg,France,99,CHE,rthu,CHESTER,CHESTER,CHESTER,not found,7,CHESTER Arthur,SORRY
369,BILL,Taft,51100,Reims,France,46,BIL,aft,BILL,BILL,BILL,1,4,BILL Taft,YES
370,GERALD,Hayes,67000,Strasbourg,France,87,GER,ayes,GERALD,GERALD,GERALD,not found,6,GERALD Hayes,SORRY
371,CHESTER,Arthur,67000,Strasbourg,France,49,CHE,rthu,CHESTER,CHESTER,CHESTER,not found,7,CHESTER Arthur,SORRY
372,BENJAMIN,Harrison,80805,München,Germany,74,BEN,arri,BENJAMIN,BENJAMIN,BENJAMIN,1,8,BENJAMIN Harrison,SORRY
373,CALVIN,Madison,50739,Köln,Germany,1,CAL,adis,CALVIN,CALVIN,CALVIN,not found,6,CALVIN Madison,SORRY
374,ANDREW,Hoover,82520,Lander,USA,93,AND,oove,ANDREW,ANDREW,ANDREW,not found,6,ANDREW Hoover,SORRY
375,JOHN,Clinton,44087,Münster,Germany,8,JOH,lint,JOHN,JOHN,JOHN,not found,4,JOHN Clinton,SORRY
376,RONALD,Cleveland,60528,Frankfurt a.M.,Germany,66,RON,leve,RONALD,RONALD,RONALD,not found,6,RONALD Cleveland,SORRY
377,JAMES,Harrison,12209,Berlin,Germany,66,JAM,arri,JAMES,JAMES,JAMES,not found,5,JAMES Harrison,SORRY
378,ULYSSES,Buchanan,12209,Berlin,Germany,52,ULY,ucha,ULYSSES,ULYSSES,ULYSSES,not found,7,ULYSSES Buchanan,SORRY
379,WOODROW,Ford,87110,Albuquerque,USA,88,WOO,ord,WOODROW,WOODROW,WOODROW,not found,7,WOODROW Ford,SORRY
380,MARTIN,Van Buren,97219,Portland,USA,39,MAR,an B,MARTIN,MARTIN,MARTIN,not found,6,MARTIN Van Buren,SORRY
381,JAMES,Adams,97403,Eugene,USA,64,JAM,dams,JAMES,JAMES,JAMES,not found,5,JAMES Adams,SORRY
382,BENJAMIN,Harding,82520,Lander,USA,39,BEN,ardi,BENJAMIN,BENJAMIN,BENJAMIN,1,8,BENJAMIN Harding,SORRY
383,THEODORE,Ford,69004,Lyon,France,11,THE,ord,THEODORE,THEODORE,THEODORE,not found,8,THEODORE Ford,SORRY
384,GERALD,Hayes,98128,Seattle,USA,28,GER,ayes,GERALD,GERALD,GERALD,not found,6,GERALD Hayes,SORRY
385,DWIGHT,Kennedy,1307,Cunewalde,Germany,58,DWI,enne,DWIGHT,DWIGHT,DWIGHT,not found,6,DWIGHT Kennedy,SORRY
386,FRANKLIN,Hoover,94117,San Francisco,USA,85,FRA,oove,FRANKLIN,FRANKLIN,FRANKLIN,not found,8,FRANKLIN Hoover,SORRY
387,RONALD,Taft,52066,Aachen,Germany,50,RON,aft,RONALD,RONALD,RONALD,not found,6,RONALD Taft,SORRY
388,WILLIAM,Carter,44087,Münster,Germany,70,WIL,arte,WILLIAM,WILLIAM,WILLIAM,not found,7,WILLIAM Carter,SORRY
389,RUTHERFORD,Van Buren,13008,Marseille,France,89,RUT,an B,RUTHERFORD,RUTHERFORD,RUTHERFORD,not found,10,RUTHERFORD Van Buren,SORRY
390,HARRY,Polk,97201,Portland,USA,70,HAR,olk,HARRY,HARRY,HARRY,not found,5,HARRY Polk,YES
391,BILL,Pierce,51100,Reims,France,23,BIL,ierc,BILL,BILL,BILL,1,4,BILL Pierce,YES
392,JOHN,Quincy,69004,Lyon,France,20,JOH,uinc,JOHN,JOHN,JOHN,not found,4,JOHN Quincy,SORRY
393,ZACHARY,Garfield,82520,Lander,USA,84,ZAC,arfi,ZACHARY,ZACHARY,ZACHARY,not found,7,ZACHARY Garfield,SORRY
394,MILLARD,Eisenhower,97219,Portland,USA,59,MIL,isen,MILLARD,MILLARD,MILLARD,not found,7,MILLARD Eisenhower,SORRY
395,RICHARD,Polk,83720,Boise,USA,63,RIC,olk,RICHARD,RICHARD,RICHARD,not found,7,RICHARD Polk,SORRY
396,DWIGHT,Clinton,69004,Lyon,France,48,DWI,lint,DWIGHT,DWIGHT,DWIGHT,not found,6,DWIGHT Clinton,SORRY
397,GERALD,Van Buren,59801,Butte,USA,8,GER,an B,GERALD,GERALD,GERALD,not found,6,GERALD Van Buren,SORRY
398,THEODORE,Madison,44000,Nantes,France,13,THE,adis,THEODORE,THEODORE,THEODORE,not found,8,THEODORE Madison,SORRY
399,RICHARD,Harrison,97403,Eugene,USA,68,RIC,arri,RICHARD,RICHARD,RICHARD,not found,7,RICHARD Harrison,SORRY
400,RONALD,Clinton,44000,Nantes,France,1,RON,lint,RONALD,RONALD,RONALD,not found,6,RONALD Clinton,SORRY
401,LYNDON,Grant,44000,Nantes,France,81,LYN,rant,LYNDON,LYNDON,LYNDON,not found,6,LYNDON Grant,SORRY
402,HERBERT,Nixon,75012,Paris,France,11,HER,ixon,HERBERT,HERBERT,HERBERT,4,7,HERBERT Nixon,SORRY
403,LYNDON,Pierce,24100,Bergamo,Italy,24,LYN,ierc,LYNDON,LYNDON,LYNDON,not found,6,LYNDON Pierce,SORRY
404,JIMMY,Kennedy,75016,Paris,France,15,JIM,enne,JIMMY,JIMMY,JIMMY,not found,5,JIMMY Kennedy,SORRY
405,ZACHARY,Grant,75012,Paris,France,59,ZAC,rant,ZACHARY,ZACHARY,ZACHARY,not found,7,ZACHARY Grant,SORRY
406,GERALD,Buchanan,42100,Reggio Emilia,Italy,80,GER,ucha,GERALD,GERALD,GERALD,not found,6,GERALD Buchanan,SORRY
407,GEORGE,Adams,12209,Berlin,Germany,39,GEO,dams,GEORGE,GEORGE,GEORGE,not found,6,GEORGE Adams,SORRY
408,ANDREW,Taylor,10100,Torino,Italy,43,AND,aylo,ANDREW,ANDREW,ANDREW,not found,6,ANDREW Taylor,SORRY
409,CALVIN,Grant,87110,Albuquerque,USA,42,CAL,rant,CALVIN,CALVIN,CALVIN,not found,6,CALVIN Grant,SORRY
410,HARRY,Pierce,50739,Köln,Germany,24,HAR,ierc,HARRY,HARRY,HARRY,not found,5,HARRY Pierce,YES
411,ZACHARY,Madison,50739,Köln,Germany,47,ZAC,adis,ZACHARY,ZACHARY,ZACHARY,not found,7,ZACHARY Madison,SORRY
412,LYNDON,Jefferson,82520,Lander,USA,92,LYN,effe,LYNDON,LYNDON,LYNDON,not found,6,LYNDON Jefferson,SORRY
413,ULYSSES,Johnson,60528,Frankfurt a.M.,Germany,71,ULY,ohns,ULYSSES,ULYSSES,ULYSSES,not found,7,ULYSSES Johnson,SORRY
414,RONALD,Wilson,94117,San Francisco,USA,30,RON,ilso,RONALD,RONALD,RONALD,not found,6,RONALD Wilson,SORRY
415,BENJAMIN,Monroe,42100,Reggio Emilia,Italy,0,BEN,onro,BENJAMIN,BENJAMIN,BENJAMIN,1,8,BENJAMIN Monroe,SORRY
416,GERALD,Garfield,1307,Cunewalde,Germany,86,GER,arfi,GERALD,GERALD,GERALD,not found,6,GERALD Garfield,SORRY
417,RICHARD,Hoover,31000,Toulouse,France,43,RIC,oove,RICHARD,RICHARD,RICHARD,not found,7,RICHARD Hoover,SORRY
418,LYNDON,Buchanan,78000,Versailles,France,48,LYN,ucha,LYNDON,LYNDON,LYNDON,not found,6,LYNDON Buchanan,SORRY
419,ULYSSES,Carter,52066,Aachen,Germany,35,ULY,arte,ULYSSES,ULYSSES,ULYSSES,not found,7,ULYSSES Carter,SORRY
420,GEORGE,McKinley,69004,Lyon,France,58,GEO,cKin,GEORGE,GEORGE,GEORGE,not found,6,GEORGE McKinley,SORRY
421,GERALD,Lincoln,12209,Berlin,Germany,0,GER,inco,GERALD,GERALD,GERALD,not found,6,GERALD Lincoln,SORRY
422,FRANKLIN,Kennedy,60528,Frankfurt a.M.,Germany,28,FRA,enne,FRANKLIN,FRANKLIN,FRANKLIN,not found,8,FRANKLIN Kennedy,SORRY
423,JAMES,Grant,13008,Marseille,France,79,JAM,rant,JAMES,JAMES,JAMES,not found,5,JAMES Grant,SORRY
424,HERBERT,Reagan,1307,Cunewalde,Germany,18,HER,eaga,HERBERT,HERBERT,HERBERT,4,7,HERBERT Reagan,SORRY
425,JAMES,Jefferson,31000,Toulouse,France,33,JAM,effe,JAMES,JAMES,JAMES,not found,5,JAMES Jefferson,SORRY
426,JIMMY,Arthur,24100,Bergamo,Italy,74,JIM,rthu,JIMMY,JIMMY,JIMMY,not found,5,JIMMY Arthur,SORRY
427,BENJAMIN,Eisenhower,52066,Aachen,Germany,55,BEN,isen,BENJAMIN,BENJAMIN,BENJAMIN,1,8,BENJAMIN Eisenhower,SORRY
428,RUTHERFORD,Buchanan,78000,Versailles,France,93,RUT,ucha,RUTHERFORD,RUTHERFORD,RUTHERFORD,not found,10,RUTHERFORD Buchanan,SORRY
429,WOODROW,Harrison,60528,Frankfurt a.M.,Germany,78,WOO,arri,WOODROW,WOODROW,WOODROW,not found,7,WOODROW Harrison,SORRY
430,BENJAMIN,Monroe,97219,Portland,USA,79,BEN,onro,BENJAMIN,BENJAMIN,BENJAMIN,1,8,BENJAMIN Monroe,SORRY
431,ANDREW,Ford,60528,Frankfurt a.M.,Germany,93,AND,ord,ANDREW,ANDREW,ANDREW,not found,6,ANDREW Ford,SORRY
432,BILL,Wilson,42100,Reggio Emilia,Italy,48,BIL,ilso,BILL,BILL,BILL,1,4,BILL Wilson,YES
433,ANDREW,Roosevelt,44000,Nantes,France,0,AND,oose,ANDREW,ANDREW,ANDREW,not found,6,ANDREW Roosevelt,SORRY
434,ZACHARY,Tyler,83720,Boise,USA,10,ZAC,yler,ZACHARY,ZACHARY,ZACHARY,not found,7,ZACHARY Tyler,SORRY
435,JOHN,Taft,94117,San Francisco,USA,96,JOH,aft,JOHN,JOHN,JOHN,not found,4,JOHN Taft,SORRY
436,THEODORE,Buchanan,52066,Aachen,Germany,13,THE,ucha,THEODORE,THEODORE,THEODORE,not found,8,THEODORE Buchanan,SORRY
437,JOHN,Truman,60528,Frankfurt a.M.,Germany,99,JOH,ruma,JOHN,JOHN,JOHN,not found,4,JOHN Truman,SORRY
438,THEODORE,Roosevelt,50739,Köln,Germany,40,THE,oose,THEODORE,THEODORE,THEODORE,not found,8,THEODORE Roosevelt,SORRY
439,CALVIN,Reagan,51100,Reims,France,44,CAL,eaga,CALVIN,CALVIN,CALVIN,not found,6,CALVIN Reagan,SORRY
440,THOMAS,Buchanan,99508,Anchorage,USA,2,THO,ucha,THOMAS,THOMAS,THOMAS,not found,6,THOMAS Buchanan,SORRY
441,THEODORE,Van Buren,24100,Bergamo,Italy,92,THE,an B,THEODORE,THEODORE,THEODORE,not found,8,THEODORE Van Buren,SORRY
442,GEORGE,Johnson,97827,Elgin,USA,14,GEO,ohns,GEORGE,GEORGE,GEORGE,not found,6,GEORGE Johnson,SORRY
443,WOODROW,Arthur,31000,Toulouse,France,0,WOO,rthu,WOODROW,WOODROW,WOODROW,not found,7,WOODROW Arthur,SORRY
444,JOHN,Van Buren,59000,Lille,France,24,JOH,an B,JOHN,JOHN,JOHN,not found,4,JOHN Van Buren,SORRY
445,ANDREW,Roosevelt,51100,Reims,France,93,AND,oose,ANDREW,ANDREW,ANDREW,not found,6,ANDREW Roosevelt,SORRY
446,BENJAMIN,Nixon,83720,Boise,USA,22,BEN,ixon,BENJAMIN,BENJAMIN,BENJAMIN,1,8,BENJAMIN Nixon,SORRY
447,JOHN,Taft,97403,Eugene,USA,0,JOH,aft,JOHN,JOHN,JOHN,not found,4,JOHN Taft,SORRY
448,MARTIN,Hayes,94117,San Francisco,USA,3,MAR,ayes,MARTIN,MARTIN,MARTIN,not found,6,MARTIN Hayes,SORRY
449,MARTIN,Wilson,98034,Kirkland,USA,24,MAR,ilso,MARTIN,MARTIN,MARTIN,not found,6,MARTIN Wilson,SORRY
450,THEODORE,Tyler,44000,Nantes,France,97,THE,yler,THEODORE,THEODORE,THEODORE,not found,8,THEODORE Tyler,SORRY
451,THOMAS,Taylor,70563,Stuttgart,Germany,29,THO,aylo,THOMAS,THOMAS,THOMAS,not found,6,THOMAS Taylor,SORRY
452,GEORGE,Madison,44087,Münster,Germany,22,GEO,adis,GEORGE,GEORGE,GEORGE,not found,6,GEORGE Madison,SORRY
453,GEORGE,Adams,44087,Münster,Germany,91,GEO,dams,GEORGE,GEORGE,GEORGE,not found,6,GEORGE Adams,SORRY
454,FRANKLIN,Garfield,75012,Paris,France,29,FRA,arfi,FRANKLIN,FRANKLIN,FRANKLIN,not found,8,FRANKLIN Garfield,SORRY
455,CHESTER,Washington,44000,Nantes,France,9,CHE,ashi,CHESTER,CHESTER,CHESTER,not found,7,CHESTER Washington,SORRY
456,JIMMY,Taft,97219,Portland,USA,96,JIM,aft,JIMMY,JIMMY,JIMMY,not found,5,JIMMY Taft,SORRY
457,HERBERT,Nixon,97827,Elgin,USA,47,HER,ixon,HERBERT,HERBERT,HERBERT,4,7,HERBERT Nixon,SORRY
458,GROVER,Hayes,10100,Torino,Italy,100,GRO,ayes,GROVER,GROVER,GROVER,not found,6,GROVER Hayes,SORRY
459,WOODROW,Quincy,94117,San Francisco,USA,55,WOO,uinc,WOODROW,WOODROW,WOODROW,not found,7,WOODROW Quincy,SORRY
460,ULYSSES,Monroe,51100,Reims,France,33,ULY,onro,ULYSSES,ULYSSES,ULYSSES,not found,7,ULYSSES Monroe,SORRY
461,RUTHERFORD,Washington,75012,Paris,France,92,RUT,ashi,RUTHERFORD,RUTHERFORD,RUTHERFORD,not found,10,RUTHERFORD Washington,SORRY
462,FRANKLIN,Harrison,97827,Elgin,USA,21,FRA,arri,FRANKLIN,FRANKLIN,FRANKLIN,not found,8,FRANKLIN Harrison,SORRY
463,JIMMY,Eisenhower,97201,Portland,USA,90,JIM,isen,JIMMY,JIMMY,JIMMY,not found,5,JIMMY Eisenhower,SORRY
464,RUTHERFORD,Pierce,75016,Paris,France,29,RUT,ierc,RUTHERFORD,RUTHERFORD,RUTHERFORD,not found,10,RUTHERFORD Pierce,SORRY
465,JIMMY,Truman,97219,Portland,USA,4,JIM,ruma,JIMMY,JIMMY,JIMMY,not found,5,JIMMY Truman,SORRY
466,ABRAHAM,Washington,31000,Toulouse,France,10,ABR,ashi,ABRAHAM,ABRAHAM,ABRAHAM,2,7,ABRAHAM Washington,SORRY
467,RICHARD,Johnson,98128,Seattle,USA,15,RIC,ohns,RICHARD,RICHARD,RICHARD,not found,7,RICHARD Johnson,SORRY
468,DWIGHT,Taft,69004,Lyon,France,2,DWI,aft,DWIGHT,DWIGHT,DWIGHT,not found,6,DWIGHT Taft,SORRY
469,CHESTER,Carter,51100,Reims,France,49,CHE,arte,CHESTER,CHESTER,CHESTER,not found,7,CHESTER Carter,SORRY
470,MILLARD,Harrison,83720,Boise,USA,37,MIL,arri,MILLARD,MILLARD,MILLARD,not found,7,MILLARD Harrison,SORRY
471,MARTIN,Adams,4179,Leipzig,Germany,93,MAR,dams,MARTIN,MARTIN,MARTIN,not found,6,MARTIN Adams,SORRY
472,THEODORE,Taylor,80805,München,Germany,77,THE,aylo,THEODORE,THEODORE,THEODORE,not found,8,THEODORE Taylor,SORRY
473,WILLIAM,Cleveland,1307,Cunewalde,Germany,38,WIL,leve,WILLIAM,WILLIAM,WILLIAM,not found,7,WILLIAM Cleveland,SORRY
474,HERBERT,Lincoln,75016,Paris,France,44,HER,inco,HERBERT,HERBERT,HERBERT,4,7,HERBERT Lincoln,SORRY
475,RONALD,Harrison,12209,Berlin,Germany,2,RON,arri,RONALD,RONALD,RONALD,not found,6,RONALD Harrison,SORRY
476,THOMAS,Kennedy,14776,Brandenburg,Germany,77,THO,enne,THOMAS,THOMAS,THOMAS,not found,6,THOMAS Kennedy,SORRY
477,LYNDON,Washington,99508,Anchorage,USA,21,LYN,ashi,LYNDON,LYNDON,LYNDON,not found,6,LYNDON Washington,SORRY
478,RONALD,Polk,80805,München,Germany,60,RON,olk,RONALD,RONALD,RONALD,not found,6,RONALD Polk,SORRY
479,ANDREW,Adams,44087,Münster,Germany,92,AND,dams,ANDREW,ANDREW,ANDREW,not found,6,ANDREW Adams,SORRY
480,ANDREW,Tyler,98034,Kirkland,USA,25,AND,yler,ANDREW,ANDREW,ANDREW,not found,6,ANDREW Tyler,SORRY
481,GERALD,Wilson,51100,Reims,France,95,GER,ilso,GERALD,GERALD,GERALD,not found,6,GERALD Wilson,SORRY
482,RONALD,Reagan,68306,Mannheim,Germany,0,RON,eaga,RONALD,RONALD,RONALD,not found,6,RONALD Reagan,SORRY
483,JAMES,Roosevelt,75012,Paris,France,40,JAM,oose,JAMES,JAMES,JAMES,not found,5,JAMES Roosevelt,SORRY
484,LYNDON,Buchanan,97219,Portland,USA,61,LYN,ucha,LYNDON,LYNDON,LYNDON,not found,6,LYNDON Buchanan,SORRY
485,WILLIAM,Jefferson,59000,Lille,France,82,WIL,effe,WILLIAM,WILLIAM,WILLIAM,not found,7,WILLIAM Jefferson,SORRY
486,THOMAS,Polk,87110,Albuquerque,USA,50,THO,olk,THOMAS,THOMAS,THOMAS,not found,6,THOMAS Polk,SORRY
487,ABRAHAM,Monroe,83720,Boise,USA,0,ABR,onro,ABRAHAM,ABRAHAM,ABRAHAM,2,7,ABRAHAM Monroe,SORRY
488,HARRY,Ford,4179,Leipzig,Germany,96,HAR,ord,HARRY,HARRY,HARRY,not found,5,HARRY Ford,YES
489,WILLIAM,Lincoln,42100,Reggio Emilia,Italy,63,WIL,inco,WILLIAM,WILLIAM,WILLIAM,not found,7,WILLIAM Lincoln,SORRY
490,MILLARD,Hoover,87110,Albuquerque,USA,36,MIL,oove,MILLARD,MILLARD,MILLARD,not found,7,MILLARD Hoover,SORRY
491,LYNDON,Adams,80805,München,Germany,73,LYN,dams,LYNDON,LYNDON,LYNDON,not found,6,LYNDON Adams,SORRY
492,WARREN,Hoover,98034,Kirkland,USA,66,WAR,oove,WARREN,WARREN,WARREN,not found,6,WARREN Hoover,SORRY
493,RONALD,Hoover,44000,Nantes,France,56,RON,oove,RONALD,RONALD,RONALD,not found,6,RONALD Hoover,SORRY
494,GERALD,Adams,69004,Lyon,France,50,GER,dams,GERALD,GERALD,GERALD,not found,6,GERALD Adams,SORRY
495,CHESTER,Harrison,13008,Marseille,France,51,CHE,arri,CHESTER,CHESTER,CHESTER,not found,7,CHESTER Harrison,SORRY
496,JAMES,Jackson,83720,Boise,USA,17,JAM,acks,JAMES,JAMES,JAMES,not found,5,JAMES Jackson,SORRY
497,MARTIN,Truman,78000,Versailles,France,93,MAR,ruma,MARTIN,MARTIN,MARTIN,not found,6,MARTIN Truman,SORRY
498,LYNDON,Harrison,69004,Lyon,France,6,LYN,arri,LYNDON,LYNDON,LYNDON,not found,6,LYNDON Harrison,SORRY
499,WARREN,Buchanan,59801,Butte,USA,75,WAR,ucha,WARREN,WARREN,WARREN,not found,6,WARREN Buchanan,SORRY
500,WARREN,Monroe,31000,Toulouse,France,34,WAR,onro,WARREN,WARREN,WARREN,not found,6,WARREN Monroe,SORRY
501,RICHARD,Nixon,44000,Nantes,France,8,RIC,ixon,RICHARD,RICHARD,RICHARD,not found,7,RICHARD Nixon,SORRY
502,ULYSSES,Fillmore,67000,Strasbourg,France,34,ULY,illm,ULYSSES,ULYSSES,ULYSSES,not found,7,ULYSSES Fillmore,SORRY
503,JAMES,Wilson,50739,Köln,Germany,80,JAM,ilso,JAMES,JAMES,JAMES,not found,5,JAMES Wilson,SORRY
504,FRANKLIN,Hayes,80805,München,Germany,70,FRA,ayes,FRANKLIN,FRANKLIN,FRANKLIN,not found,8,FRANKLIN Hayes,SORRY
505,HARRY,McKinley,70563,Stuttgart,Germany,16,HAR,cKin,HARRY,HARRY,HARRY,not found,5,HARRY McKinley,YES
506,JOHN,Carter,60528,Frankfurt a.M.,Germany,89,JOH,arte,JOHN,JOHN,JOHN,not found,4,JOHN Carter,SORRY
507,RICHARD,Reagan,97201,Portland,USA,98,RIC,eaga,RICHARD,RICHARD,RICHARD,not found,7,RICHARD Reagan,SORRY
508,BILL,Hayes,80805,München,Germany,70,BIL,ayes,BILL,BILL,BILL,1,4,BILL Hayes,YES
509,ABRAHAM,Arthur,78000,Versailles,France,47,ABR,rthu,ABRAHAM,ABRAHAM,ABRAHAM,2,7,ABRAHAM Arthur,SORRY
510,ANDREW,Ford,83720,Boise,USA,91,AND,ord,ANDREW,ANDREW,ANDREW,not found,6,ANDREW Ford,SORRY
511,WILLIAM,Hoover,99508,Anchorage,USA,18,WIL,oove,WILLIAM,WILLIAM,WILLIAM,not found,7,WILLIAM Hoover,SORRY
512,DWIGHT,Cleveland,4179,Leipzig,Germany,93,DWI,leve,DWIGHT,DWIGHT,DWIGHT,not found,6,DWIGHT Cleveland,SORRY
513,MILLARD,Clinton,68306,Mannheim,Germany,55,MIL,lint,MILLARD,MILLARD,MILLARD,not found,7,MILLARD Clinton,SORRY
514,ULYSSES,Taft,60528,Frankfurt a.M.,Germany,86,ULY,aft,ULYSSES,ULYSSES,ULYSSES,not found,7,ULYSSES Taft,SORRY
515,THOMAS,Jackson,31000,Toulouse,France,15,THO,acks,THOMAS,THOMAS,THOMAS,not found,6,THOMAS Jackson,SORRY
516,GEORGE,Fillmore,75012,Paris,France,0,GEO,illm,GEORGE,GEORGE,GEORGE,not found,6,GEORGE Fillmore,SORRY
517,BILL,Hayes,24100,Bergamo,Italy,70,BIL,ayes,BILL,BILL,BILL,1,4,BILL Hayes,YES
518,GERALD,Quincy,14776,Brandenburg,Germany,12,GER,uinc,GERALD,GERALD,GERALD,not found,6,GERALD Quincy,SORRY
519,GROVER,McKinley,52066,Aachen,Germany,38,GRO,cKin,GROVER,GROVER,GROVER,not found,6,GROVER McKinley,SORRY
520,BILL,Jackson,87110,Albuquerque,USA,78,BIL,acks,BILL,BILL,BILL,1,4,BILL Jackson,YES
521,FRANKLIN,Quincy,97403,Eugene,USA,90,FRA,uinc,FRANKLIN,FRANKLIN,FRANKLIN,not found,8,FRANKLIN Quincy,SORRY
522,RICHARD,Quincy,98128,Seattle,USA,18,RIC,uinc,RICHARD,RICHARD,RICHARD,not found,7,RICHARD Quincy,SORRY
523,BILL,Harrison,12209,Berlin,Germany,60,BIL,arri,BILL,BILL,BILL,1,4,BILL Harrison,YES
524,WOODROW,Arthur,75016,Paris,France,44,WOO,rthu,WOODROW,WOODROW,WOODROW,not found,7,WOODROW Arthur,SORRY
525,GERALD,McKinley,31000,Toulouse,France,0,GER,cKin,GERALD,GERALD,GERALD,not found,6,GERALD McKinley,SORRY
526,WARREN,Reagan,42100,Reggio Emilia,Italy,54,WAR,eaga,WARREN,WARREN,WARREN,not found,6,WARREN Reagan,SORRY
527,BILL,Jackson,60528,Frankfurt a.M.,Germany,13,BIL,acks,BILL,BILL,BILL,1,4,BILL Jackson,YES
528,HARRY,Kennedy,97219,Portland,USA,91,HAR,enne,HARRY,HARRY,HARRY,not found,5,HARRY Kennedy,YES
529,THOMAS,Clinton,60528,Frankfurt a.M.,Germany,86,THO,lint,THOMAS,THOMAS,THOMAS,not found,6,THOMAS Clinton,SORRY
530,BILL,Monroe,44000,Nantes,France,0,BIL,onro,BILL,BILL,BILL,1,4,BILL Monroe,YES
531,RONALD,Nixon,82520,Lander,USA,0,RON,ixon,RONALD,RONALD,RONALD,not found,6,RONALD Nixon,SORRY
532,BENJAMIN,McKinley,99508,Anchorage,USA,32,BEN,cKin,BENJAMIN,BENJAMIN,BENJAMIN,1,8,BENJAMIN McKinley,SORRY
533,CHESTER,Adams,12209,Berlin,Germany,55,CHE,dams,CHESTER,CHESTER,CHESTER,not found,7,CHESTER Adams,SORRY
534,GROVER,Arthur,97219,Portland,USA,0,GRO,rthu,GROVER,GROVER,GROVER,not found,6,GROVER Arthur,SORRY
535,JAMES,Washington,87110,Albuquerque,USA,67,JAM,ashi,JAMES,JAMES,JAMES,not found,5,JAMES Washington,SORRY
536,MARTIN,McKinley,70563,Stuttgart,Germany,37,MAR,cKin,MARTIN,MARTIN,MARTIN,not found,6,MARTIN McKinley,SORRY
537,JIMMY,Nixon,31000,Toulouse,France,95,JIM,ixon,JIMMY,JIMMY,JIMMY,not found,5,JIMMY Nixon,SORRY
538,WARREN,Reagan,97201,Portland,USA,40,WAR,eaga,WARREN,WARREN,WARREN,not found,6,WARREN Reagan,SORRY
539,FRANKLIN,Taft,98128,Seattle,USA,0,FRA,aft,FRANKLIN,FRANKLIN,FRANKLIN,not found,8,FRANKLIN Taft,SORRY
540,JOHN,Truman,98034,Kirkland,USA,67,JOH,ruma,JOHN,JOHN,JOHN,not found,4,JOHN Truman,SORRY
541,FRANKLIN,Harrison,24100,Bergamo,Italy,47,FRA,arri,FRANKLIN,FRANKLIN,FRANKLIN,not found,8,FRANKLIN Harrison,SORRY
542,CHESTER,McKinley,52066,Aachen,Germany,85,CHE,cKin,CHESTER,CHESTER,CHESTER,not found,7,CHESTER McKinley,SORRY
543,GROVER,Roosevelt,1307,Cunewalde,Germany,47,GRO,oose,GROVER,GROVER,GROVER,not found,6,GROVER Roosevelt,SORRY
544,CALVIN,Jackson,59801,Butte,USA,64,CAL,acks,CALVIN,CALVIN,CALVIN,not found,6,CALVIN Jackson,SORRY
545,DWIGHT,Pierce,52066,Aachen,Germany,75,DWI,ierc,DWIGHT,DWIGHT,DWIGHT,not found,6,DWIGHT Pierce,SORRY
546,ABRAHAM,Harrison,98128,Seattle,USA,40,ABR,arri,ABRAHAM,ABRAHAM,ABRAHAM,2,7,ABRAHAM Harrison,SORRY
547,RUTHERFORD,Adams,24100,Bergamo,Italy,63,RUT,dams,RUTHERFORD,RUTHERFORD,RUTHERFORD,not found,10,RUTHERFORD Adams,SORRY
548,WOODROW,Roosevelt,75012,Paris,France,98,WOO,oose,WOODROW,WOODROW,WOODROW,not found,7,WOODROW Roosevelt,SORRY
549,BENJAMIN,Reagan,60528,Frankfurt a.M.,Germany,48,BEN,eaga,BENJAMIN,BENJAMIN,BENJAMIN,1,8,BENJAMIN Reagan,SORRY
550,RUTHERFORD,Quincy,44087,Münster,Germany,98,RUT,uinc,RUTHERFORD,RUTHERFORD,RUTHERFORD,not found,10,RUTHERFORD Quincy,SORRY
551,ULYSSES,Cleveland,44087,Münster,Germany,41,ULY,leve,ULYSSES,ULYSSES,ULYSSES,not found,7,ULYSSES Cleveland,SORRY
552,RUTHERFORD,Truman,52066,Aachen,Germany,1,RUT,ruma,RUTHERFORD,RUTHERFORD,RUTHERFORD,not found,10,RUTHERFORD Truman,SORRY
553,WILLIAM,Eisenhower,68306,Mannheim,Germany,100,WIL,isen,WILLIAM,WILLIAM,WILLIAM,not found,7,WILLIAM Eisenhower,SORRY
554,ABRAHAM,Grant,60528,Frankfurt a.M.,Germany,14,ABR,rant,ABRAHAM,ABRAHAM,ABRAHAM,2,7,ABRAHAM Grant,SORRY
555,JOHN,Coolidge,82520,Lander,USA,50,JOH,ooli,JOHN,JOHN,JOHN,not found,4,JOHN Coolidge,SORRY
556,GROVER,Roosevelt,4179,Leipzig,Germany,73,GRO,oose,GROVER,GROVER,GROVER,not found,6,GROVER Roosevelt,SORRY
557,ANDREW,Harding,87110,Albuquerque,USA,61,AND,ardi,ANDREW,ANDREW,ANDREW,not found,6,ANDREW Harding,SORRY
558,WARREN,Grant,52066,Aachen,Germany,30,WAR,rant,WARREN,WARREN,WARREN,not found,6,WARREN Grant,SORRY
559,ULYSSES,Wilson,97219,Portland,USA,15,ULY,ilso,ULYSSES,ULYSSES,ULYSSES,not found,7,ULYSSES Wilson,SORRY
560,RUTHERFORD,Washington,83720,Boise,USA,30,RUT,ashi,RUTHERFORD,RUTHERFORD,RUTHERFORD,not found,10,RUTHERFORD Washington,SORRY
561,RONALD,Polk,97219,Portland,USA,58,RON,olk,RONALD,RONALD,RONALD,not found,6,RONALD Polk,SORRY
562,WILLIAM,Harrison,67000,Strasbourg,France,67,WIL,arri,WILLIAM,WILLIAM,WILLIAM,not found,7,WILLIAM Harrison,SORRY
563,GEORGE,Grant,12209,Berlin,Germany,45,GEO,rant,GEORGE,GEORGE,GEORGE,not found,6,GEORGE Grant,SORRY
564,JIMMY,Polk,68306,Mannheim,Germany,88,JIM,olk,JIMMY,JIMMY,JIMMY,not found,5,JIMMY Polk,SORRY
565,WILLIAM,Tyler,70563,Stuttgart,Germany,89,WIL,yler,WILLIAM,WILLIAM,WILLIAM,not found,7,WILLIAM Tyler,SORRY
566,MILLARD,Roosevelt,13008,Marseille,France,63,MIL,oose,MILLARD,MILLARD,MILLARD,not found,7,MILLARD Roosevelt,SORRY
567,MILLARD,Harrison,42100,Reggio Emilia,Italy,54,MIL,arri,MILLARD,MILLARD,MILLARD,not found,7,MILLARD Harrison,SORRY
568,THOMAS,Buchanan,97403,Eugene,USA,11,THO,ucha,THOMAS,THOMAS,THOMAS,not found,6,THOMAS Buchanan,SORRY
569,WARREN,Hoover,97403,Eugene,USA,5,WAR,oove,WARREN,WARREN,WARREN,not found,6,WARREN Hoover,SORRY
570,CHESTER,Eisenhower,51100,Reims,France,70,CHE,isen,CHESTER,CHESTER,CHESTER,not found,7,CHESTER Eisenhower,SORRY
571,BENJAMIN,Quincy,70563,Stuttgart,Germany,67,BEN,uinc,BENJAMIN,BENJAMIN,BENJAMIN,1,8,BENJAMIN Quincy,SORRY
572,ULYSSES,Reagan,70563,Stuttgart,Germany,8,ULY,eaga,ULYSSES,ULYSSES,ULYSSES,not found,7,ULYSSES Reagan,SORRY
573,JIMMY,Ford,1307,Cunewalde,Germany,3,JIM,ord,JIMMY,JIMMY,JIMMY,not found,5,JIMMY Ford,SORRY
574,LYNDON,Truman,31000,Toulouse,France,2,LYN,ruma,LYNDON,LYNDON,LYNDON,not found,6,LYNDON Truman,SORRY
575,BENJAMIN,Ford,87110,Albuquerque,USA,97,BEN,ord,BENJAMIN,BENJAMIN,BENJAMIN,1,8,BENJAMIN Ford,SORRY
576,THEODORE,Carter,83720,Boise,USA,9,THE,arte,THEODORE,THEODORE,THEODORE,not found,8,THEODORE Carter,SORRY
577,GROVER,Jefferson,67000,Strasbourg,France,91,GRO,effe,GROVER,GROVER,GROVER,not found,6,GROVER Jefferson,SORRY
578,HARRY,Tyler,14776,Brandenburg,Germany,88,HAR,yler,HARRY,HARRY,HARRY,not found,5,HARRY Tyler,YES
579,WOODROW,Hayes,97201,Portland,USA,6,WOO,ayes,WOODROW,WOODROW,WOODROW,not found,7,WOODROW Hayes,SORRY
580,MILLARD,Hayes,98128,Seattle,USA,5,MIL,ayes,MILLARD,MILLARD,MILLARD,not found,7,MILLARD Hayes,SORRY
581,ABRAHAM,Garfield,52066,Aachen,Germany,64,ABR,arfi,ABRAHAM,ABRAHAM,ABRAHAM,2,7,ABRAHAM Garfield,SORRY
582,MILLARD,Hayes,13008,Marseille,France,3,MIL,ayes,MILLARD,MILLARD,MILLARD,not found,7,MILLARD Hayes,SORRY
583,BILL,Johnson,94117,San Francisco,USA,70,BIL,ohns,BILL,BILL,BILL,1,4,BILL Johnson,YES
584,JAMES,Polk,44000,Nantes,France,81,JAM,olk,JAMES,JAMES,JAMES,not found,5,JAMES Polk,SORRY
585,ULYSSES,Cleveland,97403,Eugene,USA,53,ULY,leve,ULYSSES,ULYSSES,ULYSSES,not found,7,ULYSSES Cleveland,SORRY
586,JOHN,Washington,31000,Toulouse,France,67,JOH,ashi,JOHN,JOHN,JOHN,not found,4,JOHN Washington,SORRY
587,BENJAMIN,Johnson,97403,Eugene,USA,19,BEN,ohns,BENJAMIN,BENJAMIN,BENJAMIN,1,8,BENJAMIN Johnson,SORRY
588,THEODORE,Jefferson,14776,Brandenburg,Germany,13,THE,effe,THEODORE,THEODORE,THEODORE,not found,8,THEODORE Jefferson,SORRY
589,WILLIAM,Tyler,59801,Butte,USA,59,WIL,yler,WILLIAM,WILLIAM,WILLIAM,not found,7,WILLIAM Tyler,SORRY
590,RONALD,Monroe,59000,Lille,France,6,RON,onro,RONALD,RONALD,RONALD,not found,6,RONALD Monroe,SORRY
591,BENJAMIN,Roosevelt,78000,Versailles,France,79,BEN,oose,BENJAMIN,BENJAMIN,BENJAMIN,1,8,BENJAMIN Roosevelt,SORRY
592,JAMES,Kennedy,87110,Albuquerque,USA,57,JAM,enne,JAMES,JAMES,JAMES,not found,5,JAMES Kennedy,SORRY
593,JOHN,Wilson,42100,Reggio Emilia,Italy,54,JOH,ilso,JOHN,JOHN,JOHN,not found,4,JOHN Wilson,SORRY
594,THOMAS,Truman,51100,Reims,France,25,THO,ruma,THOMAS,THOMAS,THOMAS,not found,6,THOMAS Truman,SORRY
595,RUTHERFORD,Eisenhower,24100,Bergamo,Italy,75,RUT,isen,RUTHERFORD,RUTHERFORD,RUTHERFORD,not found,10,RUTHERFORD Eisenhower,SORRY
596,WILLIAM,Johnson,97403,Eugene,USA,8,WIL,ohns,WILLIAM,WILLIAM,WILLIAM,not found,7,WILLIAM Johnson,SORRY
597,HERBERT,Garfield,13008,Marseille,France,40,HER,arfi,HERBERT,HERBERT,HERBERT,4,7,HERBERT Garfield,SORRY
598,RUTHERFORD,Quincy,13008,Marseille,France,15,RUT,uinc,RUTHERFORD,RUTHERFORD,RUTHERFORD,not found,10,RUTHERFORD Quincy,SORRY
599,ULYSSES,Taylor,10100,Torino,Italy,86,ULY,aylo,ULYSSES,ULYSSES,ULYSSES,not found,7,ULYSSES Taylor,SORRY
600,THOMAS,Wilson,87110,Albuquerque,USA,92,THO,ilso,THOMAS,THOMAS,THOMAS,not found,6,THOMAS Wilson,SORRY
601,DWIGHT,Pierce,50739,Köln,Germany,79,DWI,ierc,DWIGHT,DWIGHT,DWIGHT,not found,6,DWIGHT Pierce,SORRY
602,ANDREW,Nixon,50739,Köln,Germany,67,AND,ixon,ANDREW,ANDREW,ANDREW,not found,6,ANDREW Nixon,SORRY
603,LYNDON,Johnson,4179,Leipzig,Germany,52,LYN,ohns,LYNDON,LYNDON,LYNDON,not found,6,LYNDON Johnson,SORRY
604,GERALD,Adams,69004,Lyon,France,0,GER,dams,GERALD,GERALD,GERALD,not found,6,GERALD Adams,SORRY
605,FRANKLIN,Roosevelt,97219,Portland,USA,31,FRA,oose,FRANKLIN,FRANKLIN,FRANKLIN,not found,8,FRANKLIN Roosevelt,SORRY
606,CALVIN,Madison,42100,Reggio Emilia,Italy,56,CAL,adis,CALVIN,CALVIN,CALVIN,not found,6,CALVIN Madison,SORRY
607,THEODORE,Johnson,98128,Seattle,USA,0,THE,ohns,THEODORE,THEODORE,THEODORE,not found,8,THEODORE Johnson,SORRY
608,WARREN,Reagan,4179,Leipzig,Germany,98,WAR,eaga,WARREN,WARREN,WARREN,not found,6,WARREN Reagan,SORRY
609,DWIGHT,Roosevelt,24100,Bergamo,Italy,83,DWI,oose,DWIGHT,DWIGHT,DWIGHT,not found,6,DWIGHT Roosevelt,SORRY
610,BENJAMIN,Buchanan,82520,Lander,USA,20,BEN,ucha,BENJAMIN,BENJAMIN,BENJAMIN,1,8,BENJAMIN Buchanan,SORRY
611,FRANKLIN,Jefferson,13008,Marseille,France,64,FRA,effe,FRANKLIN,FRANKLIN,FRANKLIN,not found,8,FRANKLIN Jefferson,SORRY
612,GERALD,Hoover,97219,Portland,USA,75,GER,oove,GERALD,GERALD,GERALD,not found,6,GERALD Hoover,SORRY
613,HERBERT,Johnson,99508,Anchorage,USA,48,HER,ohns,HERBERT,HERBERT,HERBERT,4,7,HERBERT Johnson,SORRY
614,RONALD,Washington,59000,Lille,France,7,RON,ashi,RONALD,RONALD,RONALD,not found,6,RONALD Washington,SORRY
615,ANDREW,Madison,13008,Marseille,France,38,AND,adis,ANDREW,ANDREW,ANDREW,not found,6,ANDREW Madison,SORRY
616,CHESTER,Cleveland,75016,Paris,France,5,CHE,leve,CHESTER,CHESTER,CHESTER,not found,7,CHESTER Cleveland,SORRY
617,RICHARD,Ford,67000,Strasbourg,France,21,RIC,ord,RICHARD,RICHARD,RICHARD,not found,7,RICHARD Ford,SORRY
618,HARRY,Polk,50739,Köln,Germany,0,HAR,olk,HARRY,HARRY,HARRY,not found,5,HARRY Polk,YES
619,GROVER,Pierce,31000,Toulouse,France,0,GRO,ierc,GROVER,GROVER,GROVER,not found,6,GROVER Pierce,SORRY
620,GEORGE,Roosevelt,83720,Boise,USA,26,GEO,oose,GEORGE,GEORGE,GEORGE,not found,6,GEORGE Roosevelt,SORRY
621,BILL,Hayes,10100,Torino,Italy,86,BIL,ayes,BILL,BILL,BILL,1,4,BILL Hayes,YES
622,RONALD,Pierce,52066,Aachen,Germany,17,RON,ierc,RONALD,RONALD,RONALD,not found,6,RONALD Pierce,SORRY
623,ULYSSES,Harrison,97201,Portland,USA,9,ULY,arri,ULYSSES,ULYSSES,ULYSSES,not found,7,ULYSSES Harrison,SORRY
624,GEORGE,Hayes,97827,Elgin,USA,100,GEO,ayes,GEORGE,GEORGE,GEORGE,not found,6,GEORGE Hayes,SORRY
625,GROVER,Tyler,10100,Torino,Italy,0,GRO,yler,GROVER,GROVER,GROVER,not found,6,GROVER Tyler,SORRY
626,RUTHERFORD,Buchanan,12209,Berlin,Germany,13,RUT,ucha,RUTHERFORD,RUTHERFORD,RUTHERFORD,not found,10,RUTHERFORD Buchanan,SORRY
627,BILL,Fillmore,97403,Eugene,USA,54,BIL,illm,BILL,BILL,BILL,1,4,BILL Fillmore,YES
628,HARRY,Truman,31000,Toulouse,France,76,HAR,ruma,HARRY,HARRY,HARRY,not found,5,HARRY Truman,YES
629,JIMMY,Pierce,59000,Lille,France,0,JIM,ierc,JIMMY,JIMMY,JIMMY,not found,5,JIMMY Pierce,SORRY
630,HERBERT,Fillmore,51100,Reims,France,24,HER,illm,HERBERT,HERBERT,HERBERT,4,7,HERBERT Fillmore,SORRY
631,CHESTER,Adams,97403,Eugene,USA,79,CHE,dams,CHESTER,CHESTER,CHESTER,not found,7,CHESTER Adams,SORRY
632,BENJAMIN,Carter,1307,Cunewalde,Germany,81,BEN,arte,BENJAMIN,BENJAMIN,BENJAMIN,1,8,BENJAMIN Carter,SORRY
633,JOHN,Polk,97827,Elgin,USA,59,JOH,olk,JOHN,JOHN,JOHN,not found,4,JOHN Polk,SORRY
634,RUTHERFORD,Roosevelt,97219,Portland,USA,18,RUT,oose,RUTHERFORD,RUTHERFORD,RUTHERFORD,not found,10,RUTHERFORD Roosevelt,SORRY
635,HARRY,Roosevelt,98034,Kirkland,USA,0,HAR,oose,HARRY,HARRY,HARRY,not found,5,HARRY Roosevelt,YES
636,THEODORE,Harrison,59801,Butte,USA,0,THE,arri,THEODORE,THEODORE,THEODORE,not found,8,THEODORE Harrison,SORRY
637,ULYSSES,Taylor,68306,Mannheim,Germany,45,ULY,aylo,ULYSSES,ULYSSES,ULYSSES,not found,7,ULYSSES Taylor,SORRY
638,HARRY,Reagan,80805,München,Germany,38,HAR,eaga,HARRY,HARRY,HARRY,not found,5,HARRY Reagan,YES
639,THOMAS,Ford,97827,Elgin,USA,25,THO,ord,THOMAS,THOMAS,THOMAS,not found,6,THOMAS Ford,SORRY
640,WOODROW,Taft,99508,Anchorage,USA,59,WOO,aft,WOODROW,WOODROW,WOODROW,not found,7,WOODROW Taft,SORRY
641,THOMAS,Quincy,94117,San Francisco,USA,56,THO,uinc,THOMAS,THOMAS,THOMAS,not found,6,THOMAS Quincy,SORRY
642,GEORGE,Lincoln,83720,Boise,USA,26,GEO,inco,GEORGE,GEORGE,GEORGE,not found,6,GEORGE Lincoln,SORRY
643,RUTHERFORD,Cleveland,97201,Portland,USA,0,RUT,leve,RUTHERFORD,RUTHERFORD,RUTHERFORD,not found,10,RUTHERFORD Cleveland,SORRY
644,THOMAS,Polk,42100,Reggio Emilia,Italy,0,THO,olk,THOMAS,THOMAS,THOMAS,not found,6,THOMAS Polk,SORRY
645,HARRY,Jefferson,50739,Köln,Germany,58,HAR,effe,HARRY,HARRY,HARRY,not found,5,HARRY Jefferson,YES
646,BILL,Van Buren,50739,Köln,Germany,6,BIL,an B,BILL,BILL,BILL,1,4,BILL Van Buren,YES
647,ZACHARY,Lincoln,44000,Nantes,France,14,ZAC,inco,ZACHARY,ZACHARY,ZACHARY,not found,7,ZACHARY Lincoln,SORRY
648,HERBERT,Roosevelt,24100,Bergamo,Italy,97,HER,oose,HERBERT,HERBERT,HERBERT,4,7,HERBERT Roosevelt,SORRY
649,DWIGHT,Polk,67000,Strasbourg,France,2,DWI,olk,DWIGHT,DWIGHT,DWIGHT,not found,6,DWIGHT Polk,SORRY
650,FRANKLIN,Eisenhower,98128,Seattle,USA,63,FRA,isen,FRANKLIN,FRANKLIN,FRANKLIN,not found,8,FRANKLIN Eisenhower,SORRY
651,HERBERT,Buchanan,75016,Paris,France,88,HER,ucha,HERBERT,HERBERT,HERBERT,4,7,HERBERT Buchanan,SORRY
652,MARTIN,Quincy,97403,Eugene,USA,40,MAR,uinc,MARTIN,MARTIN,MARTIN,not found,6,MARTIN Quincy,SORRY
653,JIMMY,Adams,1307,Cunewalde,Germany,6,JIM,dams,JIMMY,JIMMY,JIMMY,not found,5,JIMMY Adams,SORRY
654,JAMES,Taft,4179,Leipzig,Germany,78,JAM,aft,JAMES,JAMES,JAMES,not found,5,JAMES Taft,SORRY
655,JIMMY,Eisenhower,69004,Lyon,France,83,JIM,isen,JIMMY,JIMMY,JIMMY,not found,5,JIMMY Eisenhower,SORRY
656,MARTIN,Reagan,59801,Butte,USA,54,MAR,eaga,MARTIN,MARTIN,MARTIN,not found,6,MARTIN Reagan,SORRY
657,JOHN,Van Buren,60528,Frankfurt a.M.,Germany,7,JOH,an B,JOHN,JOHN,JOHN,not found,4,JOHN Van Buren,SORRY
658,CHESTER,Taylor,42100,Reggio Emilia,Italy,62,CHE,aylo,CHESTER,CHESTER,CHESTER,not found,7,CHESTER Taylor,SORRY
659,GERALD,Quincy,83720,Boise,USA,37,GER,uinc,GERALD,GERALD,GERALD,not found,6,GERALD Quincy,SORRY
660,CALVIN,Tyler,98128,Seattle,USA,27,CAL,yler,CALVIN,CALVIN,CALVIN,not found,6,CALVIN Tyler,SORRY
661,LYNDON,Van Buren,52066,Aachen,Germany,0,LYN,an B,LYNDON,LYNDON,LYNDON,not found,6,LYNDON Van Buren,SORRY
662,THEODORE,Nixon,75012,Paris,France,73,THE,ixon,THEODORE,THEODORE,THEODORE,not found,8,THEODORE Nixon,SORRY
663,HERBERT,Garfield,44000,Nantes,France,27,HER,arfi,HERBERT,HERBERT,HERBERT,4,7,HERBERT Garfield,SORRY
664,CHESTER,Harding,44000,Nantes,France,80,CHE,ardi,CHESTER,CHESTER,CHESTER,not found,7,CHESTER Harding,SORRY
665,THOMAS,Reagan,78000,Versailles,France,88,THO,eaga,THOMAS,THOMAS,THOMAS,not found,6,THOMAS Reagan,SORRY
666,ANDREW,McKinley,24100,Bergamo,Italy,51,AND,cKin,ANDREW,ANDREW,ANDREW,not found,6,ANDREW McKinley,SORRY
667,JOHN,Quincy,87110,Albuquerque,USA,66,JOH,uinc,JOHN,JOHN,JOHN,not found,4,JOHN Quincy,SORRY
668,CALVIN,Roosevelt,14776,Brandenburg,Germany,56,CAL,oose,CALVIN,CALVIN,CALVIN,not found,6,CALVIN Roosevelt,SORRY
669,JOHN,Coolidge,75012,Paris,France,72,JOH,ooli,JOHN,JOHN,JOHN,not found,4,JOHN Coolidge,SORRY
670,MILLARD,Ford,99508,Anchorage,USA,42,MIL,ord,MILLARD,MILLARD,MILLARD,not found,7,MILLARD Ford,SORRY
671,CHESTER,Pierce,75012,Paris,France,51,CHE,ierc,CHESTER,CHESTER,CHESTER,not found,7,CHESTER Pierce,SORRY
672,HERBERT,Ford,59801,Butte,USA,97,HER,ord,HERBERT,HERBERT,HERBERT,4,7,HERBERT Ford,SORRY
673,THOMAS,Truman,70563,Stuttgart,Germany,75,THO,ruma,THOMAS,THOMAS,THOMAS,not found,6,THOMAS Truman,SORRY
674,ULYSSES,Roosevelt,99508,Anchorage,USA,4,ULY,oose,ULYSSES,ULYSSES,ULYSSES,not found,7,ULYSSES Roosevelt,SORRY
675,WOODROW,Buchanan,44000,Nantes,France,3,WOO,ucha,WOODROW,WOODROW,WOODROW,not found,7,WOODROW Buchanan,SORRY
676,GERALD,Cleveland,50739,Köln,Germany,12,GER,leve,GERALD,GERALD,GERALD,not found,6,GERALD Cleveland,SORRY
677,ABRAHAM,Lincoln,50739,Köln,Germany,98,ABR,inco,ABRAHAM,ABRAHAM,ABRAHAM,2,7,ABRAHAM Lincoln,SORRY
678,DWIGHT,Adams,67000,Strasbourg,France,1,DWI,dams,DWIGHT,DWIGHT,DWIGHT,not found,6,DWIGHT Adams,SORRY
679,ANDREW,Hoover,44000,Nantes,France,95,AND,oove,ANDREW,ANDREW,ANDREW,not found,6,ANDREW Hoover,SORRY
680,GEORGE,Tyler,42100,Reggio Emilia,Italy,87,GEO,yler,GEORGE,GEORGE,GEORGE,not found,6,GEORGE Tyler,SORRY
681,RUTHERFORD,Jackson,70563,Stuttgart,Germany,27,RUT,acks,RUTHERFORD,RUTHERFORD,RUTHERFORD,not found,10,RUTHERFORD Jackson,SORRY
682,ULYSSES,Johnson,67000,Strasbourg,France,41,ULY,ohns,ULYSSES,ULYSSES,ULYSSES,not found,7,ULYSSES Johnson,SORRY
683,ABRAHAM,Nixon,42100,Reggio Emilia,Italy,52,ABR,ixon,ABRAHAM,ABRAHAM,ABRAHAM,2,7,ABRAHAM Nixon,SORRY
684,JOHN,Grant,98128,Seattle,USA,31,JOH,rant,JOHN,JOHN,JOHN,not found,4,JOHN Grant,SORRY
685,RICHARD,Eisenhower,83720,Boise,USA,6,RIC,isen,RICHARD,RICHARD,RICHARD,not found,7,RICHARD Eisenhower,SORRY
686,BILL,Harding,59000,Lille,France,4,BIL,ardi,BILL,BILL,BILL,1,4,BILL Harding,YES
687,MILLARD,Taft,60528,Frankfurt a.M.,Germany,30,MIL,aft,MILLARD,MILLARD,MILLARD,not found,7,MILLARD Taft,SORRY
688,JIMMY,Buchanan,99508,Anchorage,USA,0,JIM,ucha,JIMMY,JIMMY,JIMMY,not found,5,JIMMY Buchanan,SORRY
689,DWIGHT,Hoover,70563,Stuttgart,Germany,36,DWI,oove,DWIGHT,DWIGHT,DWIGHT,not found,6,DWIGHT Hoover,SORRY
690,RUTHERFORD,Coolidge,44087,Münster,Germany,95,RUT,ooli,RUTHERFORD,RUTHERFORD,RUTHERFORD,not found,10,RUTHERFORD Coolidge,SORRY
691,DWIGHT,Taft,75012,Paris,France,0,DWI,aft,DWIGHT,DWIGHT,DWIGHT,not found,6,DWIGHT Taft,SORRY
692,GROVER,Harrison,51100,Reims,France,82,GRO,arri,GROVER,GROVER,GROVER,not found,6,GROVER Harrison,SORRY
693,DWIGHT,Wilson,87110,Albuquerque,USA,45,DWI,ilso,DWIGHT,DWIGHT,DWIGHT,not found,6,DWIGHT Wilson,SORRY
694,RUTHERFORD,Harding,98034,Kirkland,USA,49,RUT,ardi,RUTHERFORD,RUTHERFORD,RUTHERFORD,not found,10,RUTHERFORD Harding,SORRY
695,JOHN,Fillmore,97219,Portland,USA,0,JOH,illm,JOHN,JOHN,JOHN,not found,4,JOHN Fillmore,SORRY
696,DWIGHT,Harrison,69004,Lyon,France,9,DWI,arri,DWIGHT,DWIGHT,DWIGHT,not found,6,DWIGHT Harrison,SORRY
697,THOMAS,Cleveland,67000,Strasbourg,France,50,THO,leve,THOMAS,THOMAS,THOMAS,not found,6,THOMAS Cleveland,SORRY
698,BENJAMIN,Wilson,83720,Boise,USA,14,BEN,ilso,BENJAMIN,BENJAMIN,BENJAMIN,1,8,BENJAMIN Wilson,SORRY
699,WOODROW,Reagan,60528,Frankfurt a.M.,Germany,0,WOO,eaga,WOODROW,WOODROW,WOODROW,not found,7,WOODROW Reagan,SORRY
700,BENJAMIN,Coolidge,59801,Butte,USA,34,BEN,ooli,BENJAMIN,BENJAMIN,BENJAMIN,1,8,BENJAMIN Coolidge,SORRY
701,DWIGHT,Washington,67000,Strasbourg,France,42,DWI,ashi,DWIGHT,DWIGHT,DWIGHT,not found,6,DWIGHT Washington,SORRY
702,JOHN,Tyler,97403,Eugene,USA,10,JOH,yler,JOHN,JOHN,JOHN,not found,4,JOHN Tyler,SORRY
703,WILLIAM,Hayes,97827,Elgin,USA,19,WIL,ayes,WILLIAM,WILLIAM,WILLIAM,not found,7,WILLIAM Hayes,SORRY
704,HERBERT,Polk,70563,Stuttgart,Germany,66,HER,olk,HERBERT,HERBERT,HERBERT,4,7,HERBERT Polk,SORRY
705,WARREN,Van Buren,59000,Lille,France,85,WAR,an B,WARREN,WARREN,WARREN,not found,6,WARREN Van Buren,SORRY
706,ANDREW,Garfield,70563,Stuttgart,Germany,91,AND,arfi,ANDREW,ANDREW,ANDREW,not found,6,ANDREW Garfield,SORRY
707,WARREN,Taylor,80805,München,Germany,70,WAR,aylo,WARREN,WARREN,WARREN,not found,6,WARREN Taylor,SORRY
708,ABRAHAM,Monroe,31000,Toulouse,France,41,ABR,onro,ABRAHAM,ABRAHAM,ABRAHAM,2,7,ABRAHAM Monroe,SORRY
709,ABRAHAM,Coolidge,99508,Anchorage,USA,4,ABR,ooli,ABRAHAM,ABRAHAM,ABRAHAM,2,7,ABRAHAM Coolidge,SORRY
710,BILL,Grant,75016,Paris,France,17,BIL,rant,BILL,BILL,BILL,1,4,BILL Grant,YES
711,WILLIAM,Madison,78000,Versailles,France,65,WIL,adis,WILLIAM,WILLIAM,WILLIAM,not found,7,WILLIAM Madison,SORRY
712,JAMES,Ford,44087,Münster,Germany,36,JAM,ord,JAMES,JAMES,JAMES,not found,5,JAMES Ford,SORRY
713,THEODORE,Roosevelt,70563,Stuttgart,Germany,78,THE,oose,THEODORE,THEODORE,THEODORE,not found,8,THEODORE Roosevelt,SORRY
714,GERALD,Polk,60528,Frankfurt a.M.,Germany,36,GER,olk,GERALD,GERALD,GERALD,not found,6,GERALD Polk,SORRY
715,FRANKLIN,Reagan,4179,Leipzig,Germany,97,FRA,eaga,FRANKLIN,FRANKLIN,FRANKLIN,not found,8,FRANKLIN Reagan,SORRY
716,CHESTER,Reagan,99508,Anchorage,USA,34,CHE,eaga,CHESTER,CHESTER,CHESTER,not found,7,CHESTER Reagan,SORRY
717,JIMMY,Roosevelt,51100,Reims,France,22,JIM,oose,JIMMY,JIMMY,JIMMY,not found,5,JIMMY Roosevelt,SORRY
718,HARRY,Jackson,75016,Paris,France,3,HAR,acks,HARRY,HARRY,HARRY,not found,5,HARRY Jackson,YES
719,JAMES,Tyler,44000,Nantes,France,91,JAM,yler,JAMES,JAMES,JAMES,not found,5,JAMES Tyler,SORRY
720,HERBERT,Carter,99508,Anchorage,USA,21,HER,arte,HERBERT,HERBERT,HERBERT,4,7,HERBERT Carter,SORRY
721,LYNDON,Nixon,97827,Elgin,USA,70,LYN,ixon,LYNDON,LYNDON,LYNDON,not found,6,LYNDON Nixon,SORRY
722,GROVER,Jefferson,75016,Paris,France,12,GRO,effe,GROVER,GROVER,GROVER,not found,6,GROVER Jefferson,SORRY
723,JIMMY,Clinton,99508,Anchorage,USA,97,JIM,lint,JIMMY,JIMMY,JIMMY,not found,5,JIMMY Clinton,SORRY
724,THOMAS,Nixon,80805,München,Germany,55,THO,ixon,THOMAS,THOMAS,THOMAS,not found,6,THOMAS Nixon,SORRY
725,CALVIN,Pierce,99508,Anchorage,USA,38,CAL,ierc,CALVIN,CALVIN,CALVIN,not found,6,CALVIN Pierce,SORRY
726,WARREN,Pierce,99508,Anchorage,USA,10,WAR,ierc,WARREN,WARREN,WARREN,not found,6,WARREN Pierce,SORRY
727,JOHN,McKinley,24100,Bergamo,Italy,34,JOH,cKin,JOHN,JOHN,JOHN,not found,4,JOHN McKinley,SORRY
728,ULYSSES,Washington,50739,Köln,Germany,87,ULY,ashi,ULYSSES,ULYSSES,ULYSSES,not found,7,ULYSSES Washington,SORRY
729,ULYSSES,Garfield,75012,Paris,France,31,ULY,arfi,ULYSSES,ULYSSES,ULYSSES,not found,7,ULYSSES Garfield,SORRY
730,BENJAMIN,Ford,52066,Aachen,Germany,39,BEN,ord,BENJAMIN,BENJAMIN,BENJAMIN,1,8,BENJAMIN Ford,SORRY
731,GEORGE,Jefferson,97403,Eugene,USA,12,GEO,effe,GEORGE,GEORGE,GEORGE,not found,6,GEORGE Jefferson,SORRY
732,CALVIN,Truman,10100,Torino,Italy,13,CAL,ruma,CALVIN,CALVIN,CALVIN,not found,6,CALVIN Truman,SORRY
733,GEORGE,Pierce,78000,Versailles,France,72,GEO,ierc,GEORGE,GEORGE,GEORGE,not found,6,GEORGE Pierce,SORRY
734,GERALD,Adams,13008,Marseille,France,48,GER,dams,GERALD,GERALD,GERALD,not found,6,GERALD Adams,SORRY
735,CALVIN,Fillmore,97827,Elgin,USA,8,CAL,illm,CALVIN,CALVIN,CALVIN,not found,6,CALVIN Fillmore,SORRY
736,DWIGHT,Madison,24100,Bergamo,Italy,62,DWI,adis,DWIGHT,DWIGHT,DWIGHT,not found,6,DWIGHT Madison,SORRY
737,CALVIN,Harrison,75016,Paris,France,96,CAL,arri,CALVIN,CALVIN,CALVIN,not found,6,CALVIN Harrison,SORRY
738,ULYSSES,Washington,52066,Aachen,Germany,45,ULY,ashi,ULYSSES,ULYSSES,ULYSSES,not found,7,ULYSSES Washington,SORRY
739,RONALD,Cleveland,97403,Eugene,USA,25,RON,leve,RONALD,RONALD,RONALD,not found,6,RONALD Cleveland,SORRY
740,GERALD,Washington,59000,Lille,France,45,GER,ashi,GERALD,GERALD,GERALD,not found,6,GERALD Washington,SORRY
741,BENJAMIN,Buchanan,44000,Nantes,France,24,BEN,ucha,BENJAMIN,BENJAMIN,BENJAMIN,1,8,BENJAMIN Buchanan,SORRY
742,CALVIN,Johnson,98128,Seattle,USA,46,CAL,ohns,CALVIN,CALVIN,CALVIN,not found,6,CALVIN Johnson,SORRY
743,ANDREW,Grant,78000,Versailles,France,21,AND,rant,ANDREW,ANDREW,ANDREW,not found,6,ANDREW Grant,SORRY
744,THEODORE,Arthur,44000,Nantes,France,33,THE,rthu,THEODORE,THEODORE,THEODORE,not found,8,THEODORE Arthur,SORRY
745,JAMES,Van Buren,83720,Boise,USA,20,JAM,an B,JAMES,JAMES,JAMES,not found,5,JAMES Van Buren,SORRY
746,MILLARD,Madison,60528,Frankfurt a.M.,Germany,55,MIL,adis,MILLARD,MILLARD,MILLARD,not found,7,MILLARD Madison,SORRY
747,WARREN,Buchanan,44087,Münster,Germany,35,WAR,ucha,WARREN,WARREN,WARREN,not found,6,WARREN Buchanan,SORRY
748,WARREN,Taft,80805,München,Germany,40,WAR,aft,WARREN,WARREN,WARREN,not found,6,WARREN Taft,SORRY
749,THEODORE,Harrison,44000,Nantes,France,23,THE,arri,THEODORE,THEODORE,THEODORE,not found,8,THEODORE Harrison,SORRY
750,CHESTER,McKinley,68306,Mannheim,Germany,47,CHE,cKin,CHESTER,CHESTER,CHESTER,not found,7,CHESTER McKinley,SORRY
751,THOMAS,Adams,75016,Paris,France,54,THO,dams,THOMAS,THOMAS,THOMAS,not found,6,THOMAS Adams,SORRY
752,RONALD,Tyler,98034,Kirkland,USA,82,RON,yler,RONALD,RONALD,RONALD,not found,6,RONALD Tyler,SORRY
753,GERALD,Pierce,14776,Brandenburg,Germany,17,GER,ierc,GERALD,GERALD,GERALD,not found,6,GERALD Pierce,SORRY
754,JAMES,Taft,68306,Mannheim,Germany,100,JAM,aft,JAMES,JAMES,JAMES,not found,5,JAMES Taft,SORRY
755,ULYSSES,Wilson,60528,Frankfurt a.M.,Germany,88,ULY,ilso,ULYSSES,ULYSSES,ULYSSES,not found,7,ULYSSES Wilson,SORRY
756,ANDREW,Reagan,50739,Köln,Germany,83,AND,eaga,ANDREW,ANDREW,ANDREW,not found,6,ANDREW Reagan,SORRY
757,JIMMY,Roosevelt,99508,Anchorage,USA,25,JIM,oose,JIMMY,JIMMY,JIMMY,not found,5,JIMMY Roosevelt,SORRY
758,JAMES,Coolidge,94117,San Francisco,USA,63,JAM,ooli,JAMES,JAMES,JAMES,not found,5,JAMES Coolidge,SORRY
759,BENJAMIN,Ford,67000,Strasbourg,France,46,BEN,ord,BENJAMIN,BENJAMIN,BENJAMIN,1,8,BENJAMIN Ford,SORRY
760,BILL,Van Buren,67000,Strasbourg,France,57,BIL,an B,BILL,BILL,BILL,1,4,BILL Van Buren,YES
761,WOODROW,Quincy,42100,Reggio Emilia,Italy,11,WOO,uinc,WOODROW,WOODROW,WOODROW,not found,7,WOODROW Quincy,SORRY
762,FRANKLIN,Coolidge,87110,Albuquerque,USA,42,FRA,ooli,FRANKLIN,FRANKLIN,FRANKLIN,not found,8,FRANKLIN Coolidge,SORRY
763,MILLARD,Adams,98034,Kirkland,USA,25,MIL,dams,MILLARD,MILLARD,MILLARD,not found,7,MILLARD Adams,SORRY
764,BILL,Roosevelt,97201,Portland,USA,43,BIL,oose,BILL,BILL,BILL,1,4,BILL Roosevelt,YES
765,THOMAS,Harding,87110,Albuquerque,USA,6,THO,ardi,THOMAS,THOMAS,THOMAS,not found,6,THOMAS Harding,SORRY
766,THEODORE,Eisenhower,78000,Versailles,France,64,THE,isen,THEODORE,THEODORE,THEODORE,not found,8,THEODORE Eisenhower,SORRY
767,WARREN,Monroe,50739,Köln,Germany,81,WAR,onro,WARREN,WARREN,WARREN,not found,6,WARREN Monroe,SORRY
768,GEORGE,Monroe,12209,Berlin,Germany,0,GEO,onro,GEORGE,GEORGE,GEORGE,not found,6,GEORGE Monroe,SORRY
769,GEORGE,Reagan,83720,Boise,USA,74,GEO,eaga,GEORGE,GEORGE,GEORGE,not found,6,GEORGE Reagan,SORRY
770,RUTHERFORD,Johnson,59000,Lille,France,16,RUT,ohns,RUTHERFORD,RUTHERFORD,RUTHERFORD,not found,10,RUTHERFORD Johnson,SORRY
771,WARREN,Polk,50739,Köln,Germany,80,WAR,olk,WARREN,WARREN,WARREN,not found,6,WARREN Polk,SORRY
772,JIMMY,Coolidge,13008,Marseille,France,59,JIM,ooli,JIMMY,JIMMY,JIMMY,not found,5,JIMMY Coolidge,SORRY
773,RICHARD,Lincoln,98034,Kirkland,USA,0,RIC,inco,RICHARD,RICHARD,RICHARD,not found,7,RICHARD Lincoln,SORRY
774,ULYSSES,Quincy,97201,Portland,USA,64,ULY,uinc,ULYSSES,ULYSSES,ULYSSES,not found,7,ULYSSES Quincy,SORRY
775,CHESTER,Harrison,59000,Lille,France,18,CHE,arri,CHESTER,CHESTER,CHESTER,not found,7,CHESTER Harrison,SORRY
776,GROVER,Polk,68306,Mannheim,Germany,65,GRO,olk,GROVER,GROVER,GROVER,not found,6,GROVER Polk,SORRY
777,JIMMY,Clinton,60528,Frankfurt a.M.,Germany,54,JIM,lint,JIMMY,JIMMY,JIMMY,not found,5,JIMMY Clinton,SORRY
778,BENJAMIN,Fillmore,75012,Paris,France,92,BEN,illm,BENJAMIN,BENJAMIN,BENJAMIN,1,8,BENJAMIN Fillmore,SORRY
779,ANDREW,Jackson,44000,Nantes,France,34,AND,acks,ANDREW,ANDREW,ANDREW,not found,6,ANDREW Jackson,SORRY
780,THOMAS,Polk,78000,Versailles,France,0,THO,olk,THOMAS,THOMAS,THOMAS,not found,6,THOMAS Polk,SORRY
781,MARTIN,Van Buren,60528,Frankfurt a.M.,Germany,3,MAR,an B,MARTIN,MARTIN,MARTIN,not found,6,MARTIN Van Buren,SORRY
782,THOMAS,Lincoln,98034,Kirkland,USA,78,THO,inco,THOMAS,THOMAS,THOMAS,not found,6,THOMAS Lincoln,SORRY
783,RUTHERFORD,Buchanan,31000,Toulouse,France,85,RUT,ucha,RUTHERFORD,RUTHERFORD,RUTHERFORD,not found,10,RUTHERFORD Buchanan,SORRY
784,GERALD,Washington,1307,Cunewalde,Germany,78,GER,ashi,GERALD,GERALD,GERALD,not found,6,GERALD Washington,SORRY
785,GEORGE,Monroe,59801,Butte,USA,0,GEO,onro,GEORGE,GEORGE,GEORGE,not found,6,GEORGE Monroe,SORRY
786,DWIGHT,Coolidge,97201,Portland,USA,18,DWI,ooli,DWIGHT,DWIGHT,DWIGHT,not found,6,DWIGHT Coolidge,SORRY
787,WARREN,Ford,97827,Elgin,USA,0,WAR,ord,WARREN,WARREN,WARREN,not found,6,WARREN Ford,SORRY
788,LYNDON,Buchanan,78000,Versailles,France,93,LYN,ucha,LYNDON,LYNDON,LYNDON,not found,6,LYNDON Buchanan,SORRY
789,THEODORE,McKinley,68306,Mannheim,Germany,88,THE,cKin,THEODORE,THEODORE,THEODORE,not found,8,THEODORE McKinley,SORRY
790,THEODORE,Coolidge,44087,Münster,Germany,0,THE,ooli,THEODORE,THEODORE,THEODORE,not found,8,THEODORE Coolidge,SORRY
791,GROVER,McKinley,83720,Boise,USA,61,GRO,cKin,GROVER,GROVER,GROVER,not found,6,GROVER McKinley,SORRY
792,HERBERT,Quincy,67000,Strasbourg,France,68,HER,uinc,HERBERT,HERBERT,HERBERT,4,7,HERBERT Quincy,SORRY
793,LYNDON,Fillmore,97403,Eugene,USA,0,LYN,illm,LYNDON,LYNDON,LYNDON,not found,6,LYNDON Fillmore,SORRY
794,CHESTER,Van Buren,97219,Portland,USA,58,CHE,an B,CHESTER,CHESTER,CHESTER,not found,7,CHESTER Van Buren,SORRY
795,LYNDON,McKinley,83720,Boise,USA,64,LYN,cKin,LYNDON,LYNDON,LYNDON,not found,6,LYNDON McKinley,SORRY
796,RONALD,Van Buren,97201,Portland,USA,79,RON,an B,RONALD,RONALD,RONALD,not found,6,RONALD Van Buren,SORRY
797,WILLIAM,Tyler,97219,Portland,USA,0,WIL,yler,WILLIAM,WILLIAM,WILLIAM,not found,7,WILLIAM Tyler,SORRY
798,CHESTER,Eisenhower,13008,Marseille,France,20,CHE,isen,CHESTER,CHESTER,CHESTER,not found,7,CHESTER Eisenhower,SORRY
799,RONALD,Harrison,78000,Versailles,France,59,RON,arri,RONALD,RONALD,RONALD,not found,6,RONALD Harrison,SORRY
800,JOHN,Polk,98034,Kirkland,USA,45,JOH,olk,JOHN,JOHN,JOHN,not found,4,JOHN Polk,SORRY
